--
-- PostgreSQL database dump
--

-- Dumped from database version 17.2
-- Dumped by pg_dump version 17.2

SET statement_timeout = 0;
SET lock_timeout = 0;
SET idle_in_transaction_session_timeout = 0;
SET transaction_timeout = 0;
SET client_encoding = 'UTF8';
SET standard_conforming_strings = on;
SELECT pg_catalog.set_config('search_path', '', false);
SET check_function_bodies = false;
SET xmloption = content;
SET client_min_messages = warning;
SET row_security = off;

--
-- Name: public; Type: SCHEMA; Schema: -; Owner: postgres
--

-- *not* creating schema, since initdb creates it


ALTER SCHEMA public OWNER TO postgres;

--
-- Name: SCHEMA public; Type: COMMENT; Schema: -; Owner: postgres
--

COMMENT ON SCHEMA public IS '';


SET default_tablespace = '';

SET default_table_access_method = heap;

--
-- Name: auth_group; Type: TABLE; Schema: public; Owner: postgres
--

CREATE TABLE public.auth_group (
    id integer NOT NULL,
    name character varying(150) NOT NULL
);


ALTER TABLE public.auth_group OWNER TO postgres;

--
-- Name: auth_group_id_seq; Type: SEQUENCE; Schema: public; Owner: postgres
--

ALTER TABLE public.auth_group ALTER COLUMN id ADD GENERATED BY DEFAULT AS IDENTITY (
    SEQUENCE NAME public.auth_group_id_seq
    START WITH 1
    INCREMENT BY 1
    NO MINVALUE
    NO MAXVALUE
    CACHE 1
);


--
-- Name: auth_group_permissions; Type: TABLE; Schema: public; Owner: postgres
--

CREATE TABLE public.auth_group_permissions (
    id bigint NOT NULL,
    group_id integer NOT NULL,
    permission_id integer NOT NULL
);


ALTER TABLE public.auth_group_permissions OWNER TO postgres;

--
-- Name: auth_group_permissions_id_seq; Type: SEQUENCE; Schema: public; Owner: postgres
--

ALTER TABLE public.auth_group_permissions ALTER COLUMN id ADD GENERATED BY DEFAULT AS IDENTITY (
    SEQUENCE NAME public.auth_group_permissions_id_seq
    START WITH 1
    INCREMENT BY 1
    NO MINVALUE
    NO MAXVALUE
    CACHE 1
);


--
-- Name: auth_permission; Type: TABLE; Schema: public; Owner: postgres
--

CREATE TABLE public.auth_permission (
    id integer NOT NULL,
    name character varying(255) NOT NULL,
    content_type_id integer NOT NULL,
    codename character varying(100) NOT NULL
);


ALTER TABLE public.auth_permission OWNER TO postgres;

--
-- Name: auth_permission_id_seq; Type: SEQUENCE; Schema: public; Owner: postgres
--

ALTER TABLE public.auth_permission ALTER COLUMN id ADD GENERATED BY DEFAULT AS IDENTITY (
    SEQUENCE NAME public.auth_permission_id_seq
    START WITH 1
    INCREMENT BY 1
    NO MINVALUE
    NO MAXVALUE
    CACHE 1
);


--
-- Name: auth_user; Type: TABLE; Schema: public; Owner: postgres
--

CREATE TABLE public.auth_user (
    id integer NOT NULL,
    password character varying(128) NOT NULL,
    last_login timestamp with time zone,
    is_superuser boolean NOT NULL,
    username character varying(150) NOT NULL,
    first_name character varying(150) NOT NULL,
    last_name character varying(150) NOT NULL,
    email character varying(254) NOT NULL,
    is_staff boolean NOT NULL,
    is_active boolean NOT NULL,
    date_joined timestamp with time zone NOT NULL
);


ALTER TABLE public.auth_user OWNER TO postgres;

--
-- Name: auth_user_groups; Type: TABLE; Schema: public; Owner: postgres
--

CREATE TABLE public.auth_user_groups (
    id bigint NOT NULL,
    user_id integer NOT NULL,
    group_id integer NOT NULL
);


ALTER TABLE public.auth_user_groups OWNER TO postgres;

--
-- Name: auth_user_groups_id_seq; Type: SEQUENCE; Schema: public; Owner: postgres
--

ALTER TABLE public.auth_user_groups ALTER COLUMN id ADD GENERATED BY DEFAULT AS IDENTITY (
    SEQUENCE NAME public.auth_user_groups_id_seq
    START WITH 1
    INCREMENT BY 1
    NO MINVALUE
    NO MAXVALUE
    CACHE 1
);


--
-- Name: auth_user_id_seq; Type: SEQUENCE; Schema: public; Owner: postgres
--

ALTER TABLE public.auth_user ALTER COLUMN id ADD GENERATED BY DEFAULT AS IDENTITY (
    SEQUENCE NAME public.auth_user_id_seq
    START WITH 1
    INCREMENT BY 1
    NO MINVALUE
    NO MAXVALUE
    CACHE 1
);


--
-- Name: auth_user_user_permissions; Type: TABLE; Schema: public; Owner: postgres
--

CREATE TABLE public.auth_user_user_permissions (
    id bigint NOT NULL,
    user_id integer NOT NULL,
    permission_id integer NOT NULL
);


ALTER TABLE public.auth_user_user_permissions OWNER TO postgres;

--
-- Name: auth_user_user_permissions_id_seq; Type: SEQUENCE; Schema: public; Owner: postgres
--

ALTER TABLE public.auth_user_user_permissions ALTER COLUMN id ADD GENERATED BY DEFAULT AS IDENTITY (
    SEQUENCE NAME public.auth_user_user_permissions_id_seq
    START WITH 1
    INCREMENT BY 1
    NO MINVALUE
    NO MAXVALUE
    CACHE 1
);


--
-- Name: django_admin_log; Type: TABLE; Schema: public; Owner: postgres
--

CREATE TABLE public.django_admin_log (
    id integer NOT NULL,
    action_time timestamp with time zone NOT NULL,
    object_id text,
    object_repr character varying(200) NOT NULL,
    action_flag smallint NOT NULL,
    change_message text NOT NULL,
    content_type_id integer,
    user_id integer NOT NULL,
    CONSTRAINT django_admin_log_action_flag_check CHECK ((action_flag >= 0))
);


ALTER TABLE public.django_admin_log OWNER TO postgres;

--
-- Name: django_admin_log_id_seq; Type: SEQUENCE; Schema: public; Owner: postgres
--

ALTER TABLE public.django_admin_log ALTER COLUMN id ADD GENERATED BY DEFAULT AS IDENTITY (
    SEQUENCE NAME public.django_admin_log_id_seq
    START WITH 1
    INCREMENT BY 1
    NO MINVALUE
    NO MAXVALUE
    CACHE 1
);


--
-- Name: django_content_type; Type: TABLE; Schema: public; Owner: postgres
--

CREATE TABLE public.django_content_type (
    id integer NOT NULL,
    app_label character varying(100) NOT NULL,
    model character varying(100) NOT NULL
);


ALTER TABLE public.django_content_type OWNER TO postgres;

--
-- Name: django_content_type_id_seq; Type: SEQUENCE; Schema: public; Owner: postgres
--

ALTER TABLE public.django_content_type ALTER COLUMN id ADD GENERATED BY DEFAULT AS IDENTITY (
    SEQUENCE NAME public.django_content_type_id_seq
    START WITH 1
    INCREMENT BY 1
    NO MINVALUE
    NO MAXVALUE
    CACHE 1
);


--
-- Name: django_migrations; Type: TABLE; Schema: public; Owner: postgres
--

CREATE TABLE public.django_migrations (
    id bigint NOT NULL,
    app character varying(255) NOT NULL,
    name character varying(255) NOT NULL,
    applied timestamp with time zone NOT NULL
);


ALTER TABLE public.django_migrations OWNER TO postgres;

--
-- Name: django_migrations_id_seq; Type: SEQUENCE; Schema: public; Owner: postgres
--

ALTER TABLE public.django_migrations ALTER COLUMN id ADD GENERATED BY DEFAULT AS IDENTITY (
    SEQUENCE NAME public.django_migrations_id_seq
    START WITH 1
    INCREMENT BY 1
    NO MINVALUE
    NO MAXVALUE
    CACHE 1
);


--
-- Name: django_session; Type: TABLE; Schema: public; Owner: postgres
--

CREATE TABLE public.django_session (
    session_key character varying(40) NOT NULL,
    session_data text NOT NULL,
    expire_date timestamp with time zone NOT NULL
);


ALTER TABLE public.django_session OWNER TO postgres;

--
-- Name: hairbnb_tbladresse; Type: TABLE; Schema: public; Owner: postgres
--

CREATE TABLE public.hairbnb_tbladresse (
    "idTblAdresse" integer NOT NULL,
    numero character varying(10) NOT NULL,
    boite_postale character varying(10),
    rue_id integer NOT NULL
);


ALTER TABLE public.hairbnb_tbladresse OWNER TO postgres;

--
-- Name: hairbnb_tbladresse_idTblAdresse_seq; Type: SEQUENCE; Schema: public; Owner: postgres
--

ALTER TABLE public.hairbnb_tbladresse ALTER COLUMN "idTblAdresse" ADD GENERATED BY DEFAULT AS IDENTITY (
    SEQUENCE NAME public."hairbnb_tbladresse_idTblAdresse_seq"
    START WITH 1
    INCREMENT BY 1
    NO MINVALUE
    NO MAXVALUE
    CACHE 1
);


--
-- Name: hairbnb_tblcart; Type: TABLE; Schema: public; Owner: postgres
--

CREATE TABLE public.hairbnb_tblcart (
    "idTblCart" integer NOT NULL,
    created_at timestamp with time zone NOT NULL,
    user_id integer NOT NULL
);


ALTER TABLE public.hairbnb_tblcart OWNER TO postgres;

--
-- Name: hairbnb_tblcart_idTblCart_seq; Type: SEQUENCE; Schema: public; Owner: postgres
--

ALTER TABLE public.hairbnb_tblcart ALTER COLUMN "idTblCart" ADD GENERATED BY DEFAULT AS IDENTITY (
    SEQUENCE NAME public."hairbnb_tblcart_idTblCart_seq"
    START WITH 1
    INCREMENT BY 1
    NO MINVALUE
    NO MAXVALUE
    CACHE 1
);


--
-- Name: hairbnb_tblcartitem; Type: TABLE; Schema: public; Owner: postgres
--

CREATE TABLE public.hairbnb_tblcartitem (
    "idTblCartItem" integer NOT NULL,
    quantity integer NOT NULL,
    cart_id integer NOT NULL,
    service_id integer NOT NULL,
    CONSTRAINT hairbnb_tblcartitem_quantity_check CHECK ((quantity >= 0))
);


ALTER TABLE public.hairbnb_tblcartitem OWNER TO postgres;

--
-- Name: hairbnb_tblcartitem_idTblCartItem_seq; Type: SEQUENCE; Schema: public; Owner: postgres
--

ALTER TABLE public.hairbnb_tblcartitem ALTER COLUMN "idTblCartItem" ADD GENERATED BY DEFAULT AS IDENTITY (
    SEQUENCE NAME public."hairbnb_tblcartitem_idTblCartItem_seq"
    START WITH 1
    INCREMENT BY 1
    NO MINVALUE
    NO MAXVALUE
    CACHE 1
);


--
-- Name: hairbnb_tblclient; Type: TABLE; Schema: public; Owner: postgres
--

CREATE TABLE public.hairbnb_tblclient (
    id bigint NOT NULL,
    "idTblUser" integer NOT NULL
);


ALTER TABLE public.hairbnb_tblclient OWNER TO postgres;

--
-- Name: hairbnb_tblclient_id_seq; Type: SEQUENCE; Schema: public; Owner: postgres
--

ALTER TABLE public.hairbnb_tblclient ALTER COLUMN id ADD GENERATED BY DEFAULT AS IDENTITY (
    SEQUENCE NAME public.hairbnb_tblclient_id_seq
    START WITH 1
    INCREMENT BY 1
    NO MINVALUE
    NO MAXVALUE
    CACHE 1
);


--
-- Name: hairbnb_tblcoiffeuse; Type: TABLE; Schema: public; Owner: postgres
--

CREATE TABLE public.hairbnb_tblcoiffeuse (
    id bigint NOT NULL,
    denomination_sociale character varying(255),
    tva character varying(20),
    "position" character varying(512),
    "idTblUser_id" integer NOT NULL
);


ALTER TABLE public.hairbnb_tblcoiffeuse OWNER TO postgres;

--
-- Name: hairbnb_tblcoiffeuse_id_seq; Type: SEQUENCE; Schema: public; Owner: postgres
--

ALTER TABLE public.hairbnb_tblcoiffeuse ALTER COLUMN id ADD GENERATED BY DEFAULT AS IDENTITY (
    SEQUENCE NAME public.hairbnb_tblcoiffeuse_id_seq
    START WITH 1
    INCREMENT BY 1
    NO MINVALUE
    NO MAXVALUE
    CACHE 1
);


--
-- Name: hairbnb_tblhorairecoiffeuse; Type: TABLE; Schema: public; Owner: postgres
--

CREATE TABLE public.hairbnb_tblhorairecoiffeuse (
    id bigint NOT NULL,
    jour integer NOT NULL,
    heure_debut time without time zone NOT NULL,
    heure_fin time without time zone NOT NULL,
    coiffeuse_id bigint NOT NULL
);


ALTER TABLE public.hairbnb_tblhorairecoiffeuse OWNER TO postgres;

--
-- Name: hairbnb_tblhorairecoiffeuse_id_seq; Type: SEQUENCE; Schema: public; Owner: postgres
--

ALTER TABLE public.hairbnb_tblhorairecoiffeuse ALTER COLUMN id ADD GENERATED BY DEFAULT AS IDENTITY (
    SEQUENCE NAME public.hairbnb_tblhorairecoiffeuse_id_seq
    START WITH 1
    INCREMENT BY 1
    NO MINVALUE
    NO MAXVALUE
    CACHE 1
);


--
-- Name: hairbnb_tblimagesalon; Type: TABLE; Schema: public; Owner: postgres
--

CREATE TABLE public.hairbnb_tblimagesalon (
    "idTblImageSalon" integer NOT NULL,
    "urlImages" character varying(100) NOT NULL,
    salon_id integer NOT NULL
);


ALTER TABLE public.hairbnb_tblimagesalon OWNER TO postgres;

--
-- Name: hairbnb_tblimagesalon_idTblImageSalon_seq; Type: SEQUENCE; Schema: public; Owner: postgres
--

ALTER TABLE public.hairbnb_tblimagesalon ALTER COLUMN "idTblImageSalon" ADD GENERATED BY DEFAULT AS IDENTITY (
    SEQUENCE NAME public."hairbnb_tblimagesalon_idTblImageSalon_seq"
    START WITH 1
    INCREMENT BY 1
    NO MINVALUE
    NO MAXVALUE
    CACHE 1
);


--
-- Name: hairbnb_tblindisponibilite; Type: TABLE; Schema: public; Owner: postgres
--

CREATE TABLE public.hairbnb_tblindisponibilite (
    id bigint NOT NULL,
    date date NOT NULL,
    heure_debut time without time zone NOT NULL,
    heure_fin time without time zone NOT NULL,
    motif character varying(255),
    coiffeuse_id bigint NOT NULL
);


ALTER TABLE public.hairbnb_tblindisponibilite OWNER TO postgres;

--
-- Name: hairbnb_tblindisponibilite_id_seq; Type: SEQUENCE; Schema: public; Owner: postgres
--

ALTER TABLE public.hairbnb_tblindisponibilite ALTER COLUMN id ADD GENERATED BY DEFAULT AS IDENTITY (
    SEQUENCE NAME public.hairbnb_tblindisponibilite_id_seq
    START WITH 1
    INCREMENT BY 1
    NO MINVALUE
    NO MAXVALUE
    CACHE 1
);


--
-- Name: hairbnb_tbllocalite; Type: TABLE; Schema: public; Owner: postgres
--

CREATE TABLE public.hairbnb_tbllocalite (
    "idTblLocalite" integer NOT NULL,
    commune character varying(255) NOT NULL,
    code_postal character varying(10) NOT NULL
);


ALTER TABLE public.hairbnb_tbllocalite OWNER TO postgres;

--
-- Name: hairbnb_tbllocalite_idTblLocalite_seq; Type: SEQUENCE; Schema: public; Owner: postgres
--

ALTER TABLE public.hairbnb_tbllocalite ALTER COLUMN "idTblLocalite" ADD GENERATED BY DEFAULT AS IDENTITY (
    SEQUENCE NAME public."hairbnb_tbllocalite_idTblLocalite_seq"
    START WITH 1
    INCREMENT BY 1
    NO MINVALUE
    NO MAXVALUE
    CACHE 1
);


--
-- Name: hairbnb_tblpaiement; Type: TABLE; Schema: public; Owner: postgres
--

CREATE TABLE public.hairbnb_tblpaiement (
    "idPaiement" integer NOT NULL,
    montant_paye numeric(10,2) NOT NULL,
    date_paiement timestamp with time zone NOT NULL,
    methode character varying(20) NOT NULL,
    statut character varying(20) NOT NULL,
    rendez_vous_id integer NOT NULL
);


ALTER TABLE public.hairbnb_tblpaiement OWNER TO postgres;

--
-- Name: hairbnb_tblpaiement_idPaiement_seq; Type: SEQUENCE; Schema: public; Owner: postgres
--

ALTER TABLE public.hairbnb_tblpaiement ALTER COLUMN "idPaiement" ADD GENERATED BY DEFAULT AS IDENTITY (
    SEQUENCE NAME public."hairbnb_tblpaiement_idPaiement_seq"
    START WITH 1
    INCREMENT BY 1
    NO MINVALUE
    NO MAXVALUE
    CACHE 1
);


--
-- Name: hairbnb_tblprix; Type: TABLE; Schema: public; Owner: postgres
--

CREATE TABLE public.hairbnb_tblprix (
    "idTblPrix" integer NOT NULL,
    prix numeric(10,2) NOT NULL
);


ALTER TABLE public.hairbnb_tblprix OWNER TO postgres;

--
-- Name: hairbnb_tblprix_idTblPrix_seq; Type: SEQUENCE; Schema: public; Owner: postgres
--

ALTER TABLE public.hairbnb_tblprix ALTER COLUMN "idTblPrix" ADD GENERATED BY DEFAULT AS IDENTITY (
    SEQUENCE NAME public."hairbnb_tblprix_idTblPrix_seq"
    START WITH 1
    INCREMENT BY 1
    NO MINVALUE
    NO MAXVALUE
    CACHE 1
);


--
-- Name: hairbnb_tblpromotion; Type: TABLE; Schema: public; Owner: postgres
--

CREATE TABLE public.hairbnb_tblpromotion (
    "idPromotion" integer NOT NULL,
    discount_percentage numeric(5,2) NOT NULL,
    start_date timestamp with time zone NOT NULL,
    end_date timestamp with time zone NOT NULL,
    service_id integer NOT NULL
);


ALTER TABLE public.hairbnb_tblpromotion OWNER TO postgres;

--
-- Name: hairbnb_tblpromotion_idPromotion_seq; Type: SEQUENCE; Schema: public; Owner: postgres
--

ALTER TABLE public.hairbnb_tblpromotion ALTER COLUMN "idPromotion" ADD GENERATED BY DEFAULT AS IDENTITY (
    SEQUENCE NAME public."hairbnb_tblpromotion_idPromotion_seq"
    START WITH 1
    INCREMENT BY 1
    NO MINVALUE
    NO MAXVALUE
    CACHE 1
);


--
-- Name: hairbnb_tblrendezvous; Type: TABLE; Schema: public; Owner: postgres
--

CREATE TABLE public.hairbnb_tblrendezvous (
    "idRendezVous" integer NOT NULL,
    date_heure timestamp with time zone NOT NULL,
    statut character varying(20) NOT NULL,
    total_prix numeric(10,2),
    client_id bigint NOT NULL,
    coiffeuse_id bigint NOT NULL,
    salon_id integer NOT NULL,
    duree_totale integer,
    est_archive boolean NOT NULL,
    CONSTRAINT hairbnb_tblrendezvous_duree_totale_check CHECK ((duree_totale >= 0))
);


ALTER TABLE public.hairbnb_tblrendezvous OWNER TO postgres;

--
-- Name: hairbnb_tblrendezvous_idRendezVous_seq; Type: SEQUENCE; Schema: public; Owner: postgres
--

ALTER TABLE public.hairbnb_tblrendezvous ALTER COLUMN "idRendezVous" ADD GENERATED BY DEFAULT AS IDENTITY (
    SEQUENCE NAME public."hairbnb_tblrendezvous_idRendezVous_seq"
    START WITH 1
    INCREMENT BY 1
    NO MINVALUE
    NO MAXVALUE
    CACHE 1
);


--
-- Name: hairbnb_tblrendezvousservice; Type: TABLE; Schema: public; Owner: postgres
--

CREATE TABLE public.hairbnb_tblrendezvousservice (
    "idRendezVousService" integer NOT NULL,
    prix_applique numeric(10,2),
    duree_estimee integer,
    rendez_vous_id integer NOT NULL,
    service_id integer NOT NULL,
    CONSTRAINT hairbnb_tblrendezvousservice_duree_estimee_check CHECK ((duree_estimee >= 0))
);


ALTER TABLE public.hairbnb_tblrendezvousservice OWNER TO postgres;

--
-- Name: hairbnb_tblrendezvousservice_idRendezVousService_seq; Type: SEQUENCE; Schema: public; Owner: postgres
--

ALTER TABLE public.hairbnb_tblrendezvousservice ALTER COLUMN "idRendezVousService" ADD GENERATED BY DEFAULT AS IDENTITY (
    SEQUENCE NAME public."hairbnb_tblrendezvousservice_idRendezVousService_seq"
    START WITH 1
    INCREMENT BY 1
    NO MINVALUE
    NO MAXVALUE
    CACHE 1
);


--
-- Name: hairbnb_tblrue; Type: TABLE; Schema: public; Owner: postgres
--

CREATE TABLE public.hairbnb_tblrue (
    "idTblRue" integer NOT NULL,
    nom_rue character varying(255) NOT NULL,
    localite_id integer NOT NULL
);


ALTER TABLE public.hairbnb_tblrue OWNER TO postgres;

--
-- Name: hairbnb_tblrue_idTblRue_seq; Type: SEQUENCE; Schema: public; Owner: postgres
--

ALTER TABLE public.hairbnb_tblrue ALTER COLUMN "idTblRue" ADD GENERATED BY DEFAULT AS IDENTITY (
    SEQUENCE NAME public."hairbnb_tblrue_idTblRue_seq"
    START WITH 1
    INCREMENT BY 1
    NO MINVALUE
    NO MAXVALUE
    CACHE 1
);


--
-- Name: hairbnb_tblsalon; Type: TABLE; Schema: public; Owner: postgres
--

CREATE TABLE public.hairbnb_tblsalon (
    "idTblSalon" integer NOT NULL,
    slogan character varying(255),
    logo_salon character varying(100),
    coiffeuse_id bigint NOT NULL
);


ALTER TABLE public.hairbnb_tblsalon OWNER TO postgres;

--
-- Name: hairbnb_tblsalon_idTblSalon_seq; Type: SEQUENCE; Schema: public; Owner: postgres
--

ALTER TABLE public.hairbnb_tblsalon ALTER COLUMN "idTblSalon" ADD GENERATED BY DEFAULT AS IDENTITY (
    SEQUENCE NAME public."hairbnb_tblsalon_idTblSalon_seq"
    START WITH 1
    INCREMENT BY 1
    NO MINVALUE
    NO MAXVALUE
    CACHE 1
);


--
-- Name: hairbnb_tblsalonservice; Type: TABLE; Schema: public; Owner: postgres
--

CREATE TABLE public.hairbnb_tblsalonservice (
    "idSalonService" integer NOT NULL,
    salon_id integer NOT NULL,
    service_id integer NOT NULL
);


ALTER TABLE public.hairbnb_tblsalonservice OWNER TO postgres;

--
-- Name: hairbnb_tblsalonservice_idSalonService_seq; Type: SEQUENCE; Schema: public; Owner: postgres
--

ALTER TABLE public.hairbnb_tblsalonservice ALTER COLUMN "idSalonService" ADD GENERATED BY DEFAULT AS IDENTITY (
    SEQUENCE NAME public."hairbnb_tblsalonservice_idSalonService_seq"
    START WITH 1
    INCREMENT BY 1
    NO MINVALUE
    NO MAXVALUE
    CACHE 1
);


--
-- Name: hairbnb_tblservice; Type: TABLE; Schema: public; Owner: postgres
--

CREATE TABLE public.hairbnb_tblservice (
    "idTblService" integer NOT NULL,
    intitule_service character varying(255) NOT NULL,
    description text NOT NULL
);


ALTER TABLE public.hairbnb_tblservice OWNER TO postgres;

--
-- Name: hairbnb_tblservice_idTblService_seq; Type: SEQUENCE; Schema: public; Owner: postgres
--

ALTER TABLE public.hairbnb_tblservice ALTER COLUMN "idTblService" ADD GENERATED BY DEFAULT AS IDENTITY (
    SEQUENCE NAME public."hairbnb_tblservice_idTblService_seq"
    START WITH 1
    INCREMENT BY 1
    NO MINVALUE
    NO MAXVALUE
    CACHE 1
);


--
-- Name: hairbnb_tblserviceprix; Type: TABLE; Schema: public; Owner: postgres
--

CREATE TABLE public.hairbnb_tblserviceprix (
    "idServicePrix" integer NOT NULL,
    prix_id integer NOT NULL,
    service_id integer NOT NULL
);


ALTER TABLE public.hairbnb_tblserviceprix OWNER TO postgres;

--
-- Name: hairbnb_tblserviceprix_idServicePrix_seq; Type: SEQUENCE; Schema: public; Owner: postgres
--

ALTER TABLE public.hairbnb_tblserviceprix ALTER COLUMN "idServicePrix" ADD GENERATED BY DEFAULT AS IDENTITY (
    SEQUENCE NAME public."hairbnb_tblserviceprix_idServicePrix_seq"
    START WITH 1
    INCREMENT BY 1
    NO MINVALUE
    NO MAXVALUE
    CACHE 1
);


--
-- Name: hairbnb_tblservicetemps; Type: TABLE; Schema: public; Owner: postgres
--

CREATE TABLE public.hairbnb_tblservicetemps (
    "idServiceTemps" integer NOT NULL,
    service_id integer NOT NULL,
    temps_id integer NOT NULL
);


ALTER TABLE public.hairbnb_tblservicetemps OWNER TO postgres;

--
-- Name: hairbnb_tblservicetemps_idServiceTemps_seq; Type: SEQUENCE; Schema: public; Owner: postgres
--

ALTER TABLE public.hairbnb_tblservicetemps ALTER COLUMN "idServiceTemps" ADD GENERATED BY DEFAULT AS IDENTITY (
    SEQUENCE NAME public."hairbnb_tblservicetemps_idServiceTemps_seq"
    START WITH 1
    INCREMENT BY 1
    NO MINVALUE
    NO MAXVALUE
    CACHE 1
);


--
-- Name: hairbnb_tbltemps; Type: TABLE; Schema: public; Owner: postgres
--

CREATE TABLE public.hairbnb_tbltemps (
    "idTblTemps" integer NOT NULL,
    minutes integer NOT NULL,
    CONSTRAINT hairbnb_tbltemps_minutes_check CHECK ((minutes >= 0))
);


ALTER TABLE public.hairbnb_tbltemps OWNER TO postgres;

--
-- Name: hairbnb_tbltemps_idTblTemps_seq; Type: SEQUENCE; Schema: public; Owner: postgres
--

ALTER TABLE public.hairbnb_tbltemps ALTER COLUMN "idTblTemps" ADD GENERATED BY DEFAULT AS IDENTITY (
    SEQUENCE NAME public."hairbnb_tbltemps_idTblTemps_seq"
    START WITH 1
    INCREMENT BY 1
    NO MINVALUE
    NO MAXVALUE
    CACHE 1
);


--
-- Name: hairbnb_tbluser; Type: TABLE; Schema: public; Owner: postgres
--

CREATE TABLE public.hairbnb_tbluser (
    "idTblUser" integer NOT NULL,
    uuid character varying(255) NOT NULL,
    nom character varying(255) NOT NULL,
    prenom character varying(255) NOT NULL,
    email character varying(254) NOT NULL,
    type character varying(10) NOT NULL,
    sexe character varying(6) NOT NULL,
    numero_telephone character varying(15) NOT NULL,
    date_naissance date,
    is_active boolean NOT NULL,
    adresse_id integer,
    photo_profil character varying(100)
);


ALTER TABLE public.hairbnb_tbluser OWNER TO postgres;

--
-- Name: hairbnb_tbluser_idTblUser_seq; Type: SEQUENCE; Schema: public; Owner: postgres
--

ALTER TABLE public.hairbnb_tbluser ALTER COLUMN "idTblUser" ADD GENERATED BY DEFAULT AS IDENTITY (
    SEQUENCE NAME public."hairbnb_tbluser_idTblUser_seq"
    START WITH 1
    INCREMENT BY 1
    NO MINVALUE
    NO MAXVALUE
    CACHE 1
);


--
-- Data for Name: auth_group; Type: TABLE DATA; Schema: public; Owner: postgres
--

COPY public.auth_group (id, name) FROM stdin;
\.


--
-- Data for Name: auth_group_permissions; Type: TABLE DATA; Schema: public; Owner: postgres
--

COPY public.auth_group_permissions (id, group_id, permission_id) FROM stdin;
\.


--
-- Data for Name: auth_permission; Type: TABLE DATA; Schema: public; Owner: postgres
--

COPY public.auth_permission (id, name, content_type_id, codename) FROM stdin;
1	Can add log entry	1	add_logentry
2	Can change log entry	1	change_logentry
3	Can delete log entry	1	delete_logentry
4	Can view log entry	1	view_logentry
5	Can add permission	2	add_permission
6	Can change permission	2	change_permission
7	Can delete permission	2	delete_permission
8	Can view permission	2	view_permission
9	Can add group	3	add_group
10	Can change group	3	change_group
11	Can delete group	3	delete_group
12	Can view group	3	view_group
13	Can add user	4	add_user
14	Can change user	4	change_user
15	Can delete user	4	delete_user
16	Can view user	4	view_user
17	Can add content type	5	add_contenttype
18	Can change content type	5	change_contenttype
19	Can delete content type	5	delete_contenttype
20	Can view content type	5	view_contenttype
21	Can add session	6	add_session
22	Can change session	6	change_session
23	Can delete session	6	delete_session
24	Can view session	6	view_session
25	Can add tbl localite	7	add_tbllocalite
26	Can change tbl localite	7	change_tbllocalite
27	Can delete tbl localite	7	delete_tbllocalite
28	Can view tbl localite	7	view_tbllocalite
29	Can add tbl rue	8	add_tblrue
30	Can change tbl rue	8	change_tblrue
31	Can delete tbl rue	8	delete_tblrue
32	Can view tbl rue	8	view_tblrue
33	Can add tbl adresse	9	add_tbladresse
34	Can change tbl adresse	9	change_tbladresse
35	Can delete tbl adresse	9	delete_tbladresse
36	Can view tbl adresse	9	view_tbladresse
37	Can add tbl user	10	add_tbluser
38	Can change tbl user	10	change_tbluser
39	Can delete tbl user	10	delete_tbluser
40	Can view tbl user	10	view_tbluser
41	Can add Coiffeuse	11	add_tblcoiffeuse
42	Can change Coiffeuse	11	change_tblcoiffeuse
43	Can delete Coiffeuse	11	delete_tblcoiffeuse
44	Can view Coiffeuse	11	view_tblcoiffeuse
45	Can add Client	12	add_tblclient
46	Can change Client	12	change_tblclient
47	Can delete Client	12	delete_tblclient
48	Can view Client	12	view_tblclient
49	Can add tbl temps	13	add_tbltemps
50	Can change tbl temps	13	change_tbltemps
51	Can delete tbl temps	13	delete_tbltemps
52	Can view tbl temps	13	view_tbltemps
53	Can add tbl prix	14	add_tblprix
54	Can change tbl prix	14	change_tblprix
55	Can delete tbl prix	14	delete_tblprix
56	Can view tbl prix	14	view_tblprix
57	Can add tbl services	15	add_tblservices
58	Can change tbl services	15	change_tblservices
59	Can delete tbl services	15	delete_tblservices
60	Can view tbl services	15	view_tblservices
61	Can add tbl salon	16	add_tblsalon
62	Can change tbl salon	16	change_tblsalon
63	Can delete tbl salon	16	delete_tblsalon
64	Can view tbl salon	16	view_tblsalon
65	Can add tbl salon services	17	add_tblsalonservices
66	Can change tbl salon services	17	change_tblsalonservices
67	Can delete tbl salon services	17	delete_tblsalonservices
68	Can view tbl salon services	17	view_tblsalonservices
69	Can add tbl image salon	18	add_tblimagesalon
70	Can change tbl image salon	18	change_tblimagesalon
71	Can delete tbl image salon	18	delete_tblimagesalon
72	Can view tbl image salon	18	view_tblimagesalon
73	Can add tbl service	19	add_tblservice
74	Can change tbl service	19	change_tblservice
75	Can delete tbl service	19	delete_tblservice
76	Can view tbl service	19	view_tblservice
77	Can add tbl salon service	20	add_tblsalonservice
78	Can change tbl salon service	20	change_tblsalonservice
79	Can delete tbl salon service	20	delete_tblsalonservice
80	Can view tbl salon service	20	view_tblsalonservice
81	Can add tbl service prix	21	add_tblserviceprix
82	Can change tbl service prix	21	change_tblserviceprix
83	Can delete tbl service prix	21	delete_tblserviceprix
84	Can view tbl service prix	21	view_tblserviceprix
85	Can add tbl service temps	22	add_tblservicetemps
86	Can change tbl service temps	22	change_tblservicetemps
87	Can delete tbl service temps	22	delete_tblservicetemps
88	Can view tbl service temps	22	view_tblservicetemps
89	Can add tbl cart	23	add_tblcart
90	Can change tbl cart	23	change_tblcart
91	Can delete tbl cart	23	delete_tblcart
92	Can view tbl cart	23	view_tblcart
93	Can add tbl cart item	24	add_tblcartitem
94	Can change tbl cart item	24	change_tblcartitem
95	Can delete tbl cart item	24	delete_tblcartitem
96	Can view tbl cart item	24	view_tblcartitem
97	Can add tbl promotion	25	add_tblpromotion
98	Can change tbl promotion	25	change_tblpromotion
99	Can delete tbl promotion	25	delete_tblpromotion
100	Can view tbl promotion	25	view_tblpromotion
101	Can add tbl rendez vous service	26	add_tblrendezvousservice
102	Can change tbl rendez vous service	26	change_tblrendezvousservice
103	Can delete tbl rendez vous service	26	delete_tblrendezvousservice
104	Can view tbl rendez vous service	26	view_tblrendezvousservice
105	Can add tbl rendez vous	27	add_tblrendezvous
106	Can change tbl rendez vous	27	change_tblrendezvous
107	Can delete tbl rendez vous	27	delete_tblrendezvous
108	Can view tbl rendez vous	27	view_tblrendezvous
109	Can add tbl paiement	28	add_tblpaiement
110	Can change tbl paiement	28	change_tblpaiement
111	Can delete tbl paiement	28	delete_tblpaiement
112	Can view tbl paiement	28	view_tblpaiement
113	Can add tbl indisponibilite	29	add_tblindisponibilite
114	Can change tbl indisponibilite	29	change_tblindisponibilite
115	Can delete tbl indisponibilite	29	delete_tblindisponibilite
116	Can view tbl indisponibilite	29	view_tblindisponibilite
117	Can add tbl horaire salon	30	add_tblhorairesalon
118	Can change tbl horaire salon	30	change_tblhorairesalon
119	Can delete tbl horaire salon	30	delete_tblhorairesalon
120	Can view tbl horaire salon	30	view_tblhorairesalon
121	Can add tbl horaire coiffeuse	31	add_tblhorairecoiffeuse
122	Can change tbl horaire coiffeuse	31	change_tblhorairecoiffeuse
123	Can delete tbl horaire coiffeuse	31	delete_tblhorairecoiffeuse
124	Can view tbl horaire coiffeuse	31	view_tblhorairecoiffeuse
\.


--
-- Data for Name: auth_user; Type: TABLE DATA; Schema: public; Owner: postgres
--

COPY public.auth_user (id, password, last_login, is_superuser, username, first_name, last_name, email, is_staff, is_active, date_joined) FROM stdin;
1	pbkdf2_sha256$870000$DlMI2W7WSckXQ8BIAPIwRp$cSamrY5XLFymRLxtTJAvcBf5pCQWWT98D4oMmBJvDy4=	2025-03-28 22:32:50.81011+01	t	william				t	t	2024-12-26 02:25:06.108602+01
\.


--
-- Data for Name: auth_user_groups; Type: TABLE DATA; Schema: public; Owner: postgres
--

COPY public.auth_user_groups (id, user_id, group_id) FROM stdin;
\.


--
-- Data for Name: auth_user_user_permissions; Type: TABLE DATA; Schema: public; Owner: postgres
--

COPY public.auth_user_user_permissions (id, user_id, permission_id) FROM stdin;
\.


--
-- Data for Name: django_admin_log; Type: TABLE DATA; Schema: public; Owner: postgres
--

COPY public.django_admin_log (id, action_time, object_id, object_repr, action_flag, change_message, content_type_id, user_id) FROM stdin;
1	2024-12-26 03:03:53.664289+01	1	statham jason (coiffeuse)	3		10	1
2	2024-12-26 03:39:36.33058+01	1	60 Ôé¼	1	[{"added": {}}]	14	1
3	2024-12-26 03:39:50.24027+01	1	30 minutes	1	[{"added": {}}]	13	1
4	2024-12-26 03:40:21.798978+01	1	Les soins du visage - 60.00 Ôé¼	1	[{"added": {}}]	19	1
5	2024-12-27 16:47:54.508945+01	4	Service 'Les soins du visage' pour le salon 'imam'	3		20	1
6	2025-02-15 22:10:59.046634+01	14	affleck ben (coiffeuse)	3		10	1
7	2025-02-15 22:24:52.134287+01	16	nicholson jack (coiffeuse)	3		10	1
8	2025-02-15 22:29:17.881749+01	13	Coiffeuse: nicholson jack	3		11	1
9	2025-02-15 22:29:26.936284+01	17	nicholson jack (coiffeuse)	3		10	1
10	2025-02-15 23:31:34.214772+01	19	oldman gary (coiffeuse)	3		10	1
11	2025-02-15 23:36:36.791516+01	20	oldman gary (coiffeuse)	3		10	1
12	2025-02-17 00:57:54.478952+01	13	Promotion de 50.00% pour coupe d├®grad├® (Expir├®e)	3		25	1
\.


--
-- Data for Name: django_content_type; Type: TABLE DATA; Schema: public; Owner: postgres
--

COPY public.django_content_type (id, app_label, model) FROM stdin;
1	admin	logentry
2	auth	permission
3	auth	group
4	auth	user
5	contenttypes	contenttype
6	sessions	session
7	hairbnb	tbllocalite
8	hairbnb	tblrue
9	hairbnb	tbladresse
10	hairbnb	tbluser
11	hairbnb	tblcoiffeuse
12	hairbnb	tblclient
13	hairbnb	tbltemps
14	hairbnb	tblprix
15	hairbnb	tblservices
16	hairbnb	tblsalon
17	hairbnb	tblsalonservices
18	hairbnb	tblimagesalon
19	hairbnb	tblservice
20	hairbnb	tblsalonservice
21	hairbnb	tblserviceprix
22	hairbnb	tblservicetemps
23	hairbnb	tblcart
24	hairbnb	tblcartitem
25	hairbnb	tblpromotion
26	hairbnb	tblrendezvousservice
27	hairbnb	tblrendezvous
28	hairbnb	tblpaiement
29	hairbnb	tblindisponibilite
30	hairbnb	tblhorairesalon
31	hairbnb	tblhorairecoiffeuse
\.


--
-- Data for Name: django_migrations; Type: TABLE DATA; Schema: public; Owner: postgres
--

COPY public.django_migrations (id, app, name, applied) FROM stdin;
1	contenttypes	0001_initial	2024-12-19 02:13:00.258972+01
2	auth	0001_initial	2024-12-19 02:13:00.310957+01
3	admin	0001_initial	2024-12-19 02:13:00.328392+01
4	admin	0002_logentry_remove_auto_add	2024-12-19 02:13:00.333996+01
5	admin	0003_logentry_add_action_flag_choices	2024-12-19 02:13:00.34014+01
6	contenttypes	0002_remove_content_type_name	2024-12-19 02:13:00.352627+01
7	auth	0002_alter_permission_name_max_length	2024-12-19 02:13:00.358897+01
8	auth	0003_alter_user_email_max_length	2024-12-19 02:13:00.364679+01
9	auth	0004_alter_user_username_opts	2024-12-19 02:13:00.372916+01
10	auth	0005_alter_user_last_login_null	2024-12-19 02:13:00.379166+01
11	auth	0006_require_contenttypes_0002	2024-12-19 02:13:00.380432+01
12	auth	0007_alter_validators_add_error_messages	2024-12-19 02:13:00.386203+01
13	auth	0008_alter_user_username_max_length	2024-12-19 02:13:00.395587+01
14	auth	0009_alter_user_last_name_max_length	2024-12-19 02:13:00.401945+01
15	auth	0010_alter_group_name_max_length	2024-12-19 02:13:00.408683+01
16	auth	0011_update_proxy_permissions	2024-12-19 02:13:00.415057+01
17	auth	0012_alter_user_first_name_max_length	2024-12-19 02:13:00.421527+01
18	hairbnb	0001_initial	2024-12-19 02:13:00.464192+01
19	sessions	0001_initial	2024-12-19 02:13:00.471583+01
20	hairbnb	0002_tblcoiffeuse_logo_salon_tbluser_photo_profil	2024-12-23 00:25:55.756265+01
21	hairbnb	0003_alter_tbluser_photo_profil	2024-12-23 00:28:42.997814+01
22	hairbnb	0004_tblcoiffeuse_slogan	2024-12-24 00:33:41.805151+01
23	hairbnb	0005_tblprix_tbltemps_remove_tblcoiffeuse_logo_salon_and_more	2024-12-26 02:07:29.650965+01
24	hairbnb	0002_remove_tblservices_prix_remove_tblservices_temps_and_more	2024-12-26 02:44:49.586858+01
25	hairbnb	0003_remove_tblservice_prix_remove_tblservice_temps_and_more	2024-12-27 14:41:26.307221+01
26	hairbnb	0004_alter_tblprix_prix_alter_tbltemps_idtbltemps	2025-01-30 21:57:02.380281+01
27	hairbnb	0005_alter_tblserviceprix_unique_together	2025-01-30 22:05:12.613737+01
28	hairbnb	0006_tblcart_tblpromotion_tblcartitem	2025-02-04 21:47:39.316351+01
29	hairbnb	0007_alter_tblpromotion_start_date	2025-02-08 15:24:22.658492+01
30	hairbnb	0008_alter_tblpromotion_start_date	2025-02-08 15:32:47.03923+01
31	hairbnb	0009_tblrendezvous_tblpaiement_tblrendezvousservice	2025-02-16 13:29:41.496446+01
32	hairbnb	0010_tblrendezvous_duree_totale	2025-02-16 13:46:40.056672+01
33	hairbnb	0011_tblindisponibilite_tblhorairesalon	2025-03-22 16:41:00.489577+01
34	hairbnb	0012_tblhorairecoiffeuse_delete_tblhorairesalon	2025-03-23 20:26:44.657548+01
35	hairbnb	0013_tblrendezvous_est_archive	2025-03-25 16:20:51.838106+01
\.


--
-- Data for Name: django_session; Type: TABLE DATA; Schema: public; Owner: postgres
--

COPY public.django_session (session_key, session_data, expire_date) FROM stdin;
fxta996iw810bc0itv7e5yveu2wn0sqp	.eJxVjMsOwiAQRf-FtSE8hgIu3fcbyAyMUjU0Ke3K-O_apAvd3nPOfYmE21rT1nlJUxFnocXpdyPMD247KHdst1nmua3LRHJX5EG7HOfCz8vh_h1U7PVbg44QQ3YOfSAPBQcelFXWkAYkrbwzvqAyzExoo8arCRk8RQRrbFbi_QHFuTdY:1tQcch:yTZAlCuP_Mg4Yy7oQv9pidFtzIAgmUJR9n68ILscTyc	2025-01-09 02:25:11.577275+01
l7ba3xt1uqdthv6f6miuba37shvh01e2	.eJxVjMsOwiAQRf-FtSE8hgIu3fcbyAyMUjU0Ke3K-O_apAvd3nPOfYmE21rT1nlJUxFnocXpdyPMD247KHdst1nmua3LRHJX5EG7HOfCz8vh_h1U7PVbg44QQ3YOfSAPBQcelFXWkAYkrbwzvqAyzExoo8arCRk8RQRrbFbi_QHFuTdY:1taZT5:PvOKsmq1z6j1s0sDI9-7MP9D6XXSvpSYWgcAh5y030c	2025-02-05 13:04:23.674348+01
5xt7k58cvpqwv9q4ug0d31238plgb98r	.eJxVjMsOwiAQRf-FtSE8hgIu3fcbyAyMUjU0Ke3K-O_apAvd3nPOfYmE21rT1nlJUxFnocXpdyPMD247KHdst1nmua3LRHJX5EG7HOfCz8vh_h1U7PVbg44QQ3YOfSAPBQcelFXWkAYkrbwzvqAyzExoo8arCRk8RQRrbFbi_QHFuTdY:1tcB5u:F1SFt8DUzCCWKA_lzpOxHQq7n_7vTq9I08NQ7wBLIyo	2025-02-09 23:27:06.859597+01
h43lxci0cuk6dmz3stm27qwtgzfshim5	.eJxVjMsOwiAQRf-FtSE8hgIu3fcbyAyMUjU0Ke3K-O_apAvd3nPOfYmE21rT1nlJUxFnocXpdyPMD247KHdst1nmua3LRHJX5EG7HOfCz8vh_h1U7PVbg44QQ3YOfSAPBQcelFXWkAYkrbwzvqAyzExoo8arCRk8RQRrbFbi_QHFuTdY:1tjOwz:7feXXmaQGVx_pyy1CmEF0lCkwQmny_VfJBloPVveunQ	2025-03-01 21:39:45.69906+01
40oo9pqgdsrewcodg8b84wk0e496tehz	.eJxVjMsOwiAQRf-FtSE8hgIu3fcbyAyMUjU0Ke3K-O_apAvd3nPOfYmE21rT1nlJUxFnocXpdyPMD247KHdst1nmua3LRHJX5EG7HOfCz8vh_h1U7PVbg44QQ3YOfSAPBQcelFXWkAYkrbwzvqAyzExoo8arCRk8RQRrbFbi_QHFuTdY:1tw5HB:GNmai1IuC_QQmRNRYnZVHJQ6qGJHxnrTVy5EkBXGKBw	2025-04-05 22:17:01.616402+02
blij1225h004e7qicyijyi2bekzpsc03	.eJxVjMsOwiAQRf-FtSE8hgIu3fcbyAyMUjU0Ke3K-O_apAvd3nPOfYmE21rT1nlJUxFnocXpdyPMD247KHdst1nmua3LRHJX5EG7HOfCz8vh_h1U7PVbg44QQ3YOfSAPBQcelFXWkAYkrbwzvqAyzExoo8arCRk8RQRrbFbi_QHFuTdY:1txqgG:6mAidHdJvH3x1cCyW1keLHCPoBNpjYbV0R0Q10xKVNY	2025-04-10 19:06:12.471857+02
nerf0wif9jpynyoh4r3zy4ibfaw838b2	.eJxVjMsOwiAQRf-FtSE8hgIu3fcbyAyMUjU0Ke3K-O_apAvd3nPOfYmE21rT1nlJUxFnocXpdyPMD247KHdst1nmua3LRHJX5EG7HOfCz8vh_h1U7PVbg44QQ3YOfSAPBQcelFXWkAYkrbwzvqAyzExoo8arCRk8RQRrbFbi_QHFuTdY:1tyHJq:rvoe5ofi8eJjXKbacPNh44f8BXGiA1HZmLirUt8xgas	2025-04-11 23:32:50.814297+02
\.


--
-- Data for Name: hairbnb_tbladresse; Type: TABLE DATA; Schema: public; Owner: postgres
--

COPY public.hairbnb_tbladresse ("idTblAdresse", numero, boite_postale, rue_id) FROM stdin;
1	15		1
2	85		2
3	15		3
4	15		3
5	10		4
6	15		4
7	12	B	2
8	15		4
9	15		4
10	15		4
11	15		5
12	15		5
13	15		6
14	14		4
15	15		4
16	10		4
17	15		4
18	5		4
19	9		5
20	25		5
21	11		7
22	20		8
23	45		4
\.


--
-- Data for Name: hairbnb_tblcart; Type: TABLE DATA; Schema: public; Owner: postgres
--

COPY public.hairbnb_tblcart ("idTblCart", created_at, user_id) FROM stdin;
1	2025-02-04 22:33:30.630245+01	12
2	2025-02-04 22:46:00.072771+01	10
\.


--
-- Data for Name: hairbnb_tblcartitem; Type: TABLE DATA; Schema: public; Owner: postgres
--

COPY public.hairbnb_tblcartitem ("idTblCartItem", quantity, cart_id, service_id) FROM stdin;
42	1	1	40
\.


--
-- Data for Name: hairbnb_tblclient; Type: TABLE DATA; Schema: public; Owner: postgres
--

COPY public.hairbnb_tblclient (id, "idTblUser") FROM stdin;
1	6
2	11
3	12
\.


--
-- Data for Name: hairbnb_tblcoiffeuse; Type: TABLE DATA; Schema: public; Owner: postgres
--

COPY public.hairbnb_tblcoiffeuse (id, denomination_sociale, tva, "position", "idTblUser_id") FROM stdin;
1	salon adil	Be1455	50.454004049999995, 3.8584896640845088	2
2	salon Andy	be15477	50.4416143, 3.859045892332248	3
3	salon lucas	be12365	50.4416143, 3.859045892332248	4
4	salon amaral	be123	50.4552508, 3.953387313621443	5
5	Salon Beaut├®	FR123456789	48.8566,2.3522	7
6	salon nordo	be2222222222	50.45543215, 3.953266068881771	8
7	logan salon	be15555554555	50.45543215, 3.953266068881771	9
9	salon eva	be1234566890	50.837715156715355, 4.343663639548203	13
11	affleck salon	be123654789	50.45543215, 3.953266068881771	15
14	jack saloon	be254887979	50.455337650000004, 3.952998152116589	18
17	oldman saloon	be1458555699	50.8424967, 4.344962323338493	21
18	cavallino salon	be4522639877	50.45585495, 3.954165000203682	22
19	salon messi	Be123456789	50.4565654, 3.9547054480092845	23
8	mcd salon	be455555555555	50.45543215, 3.953266068881771	10
\.


--
-- Data for Name: hairbnb_tblhorairecoiffeuse; Type: TABLE DATA; Schema: public; Owner: postgres
--

COPY public.hairbnb_tblhorairecoiffeuse (id, jour, heure_debut, heure_fin, coiffeuse_id) FROM stdin;
7	0	08:00:00	17:00:00	8
8	1	08:00:00	17:00:00	8
9	6	08:00:00	18:30:00	8
10	2	08:00:00	17:00:00	8
11	3	08:00:00	17:00:00	8
12	4	08:00:00	17:00:00	8
13	5	08:00:00	17:00:00	8
\.


--
-- Data for Name: hairbnb_tblimagesalon; Type: TABLE DATA; Schema: public; Owner: postgres
--

COPY public.hairbnb_tblimagesalon ("idTblImageSalon", "urlImages", salon_id) FROM stdin;
\.


--
-- Data for Name: hairbnb_tblindisponibilite; Type: TABLE DATA; Schema: public; Owner: postgres
--

COPY public.hairbnb_tblindisponibilite (id, date, heure_debut, heure_fin, motif, coiffeuse_id) FROM stdin;
18	2025-03-23	00:00:00	23:59:00	cong	8
19	2025-03-26	00:00:00	23:59:00		8
20	2025-03-27	00:00:00	23:59:00		8
21	2025-03-29	00:00:00	23:59:00		8
\.


--
-- Data for Name: hairbnb_tbllocalite; Type: TABLE DATA; Schema: public; Owner: postgres
--

COPY public.hairbnb_tbllocalite ("idTblLocalite", commune, code_postal) FROM stdin;
1	Mons	7000
2	Quaregnon	7390
3	Bruxelles	1000
4	Bruxelles - Brussel	1000
\.


--
-- Data for Name: hairbnb_tblpaiement; Type: TABLE DATA; Schema: public; Owner: postgres
--

COPY public.hairbnb_tblpaiement ("idPaiement", montant_paye, date_paiement, methode, statut, rendez_vous_id) FROM stdin;
1	166.50	2025-02-28 15:03:37.990741+01	card	en attente	1
\.


--
-- Data for Name: hairbnb_tblprix; Type: TABLE DATA; Schema: public; Owner: postgres
--

COPY public.hairbnb_tblprix ("idTblPrix", prix) FROM stdin;
1	60.00
3	125.00
4	135.00
6	123.00
7	112.00
8	89.00
9	77.00
10	127.00
11	119.00
12	81.00
13	95.10
14	9.00
15	89.89
16	110.00
17	113.00
18	89.71
19	125.99
20	999.99
21	29.00
22	300.00
24	25.00
25	200.00
26	357.00
27	12.00
28	180.00
29	99.99
31	100.00
32	159.00
33	500.00
34	199.00
35	111.00
36	322.00
37	999.00
38	666.00
39	145.00
40	11.00
41	30.00
42	55.00
43	20.00
44	26.00
45	325.00
46	152.00
47	45.00
48	400.00
49	38.00
50	154.00
51	39.00
52	185.00
53	155.00
54	150.00
55	140.00
\.


--
-- Data for Name: hairbnb_tblpromotion; Type: TABLE DATA; Schema: public; Owner: postgres
--

COPY public.hairbnb_tblpromotion ("idPromotion", discount_percentage, start_date, end_date, service_id) FROM stdin;
6	10.00	2025-02-05 01:00:00+01	2025-02-28 01:00:00+01	36
9	10.00	2025-02-09 01:00:00+01	2025-02-11 01:00:00+01	38
10	15.00	2025-02-09 01:00:00+01	2025-02-11 01:00:00+01	39
11	50.00	2025-02-09 01:00:00+01	2025-02-11 01:00:00+01	40
14	50.00	2025-02-19 01:00:00+01	2025-02-22 01:00:00+01	38
15	60.00	2025-02-20 01:00:00+01	2025-02-26 01:00:00+01	39
16	12.00	2025-02-19 01:00:00+01	2025-02-20 01:00:00+01	40
\.


--
-- Data for Name: hairbnb_tblrendezvous; Type: TABLE DATA; Schema: public; Owner: postgres
--

COPY public.hairbnb_tblrendezvous ("idRendezVous", date_heure, statut, total_prix, client_id, coiffeuse_id, salon_id, duree_totale, est_archive) FROM stdin;
16	2025-03-28 09:00:00+01	en attente	185.00	3	8	2	60	f
17	2025-03-28 12:30:00+01	en attente	210.00	3	8	2	70	f
1	2025-02-17 01:49:00+01	en attente	166.50	3	8	2	60	t
2	2025-02-20 14:45:00+01	en attente	166.50	3	8	2	60	t
3	2025-03-24 05:48:00+01	en attente	185.00	3	8	2	60	t
4	2025-03-27 04:49:00+01	en attente	365.00	3	8	2	120	t
5	2025-03-24 04:50:00+01	en attente	365.00	3	8	2	120	t
6	2025-03-24 05:51:00+01	en attente	365.00	3	8	2	120	t
7	2025-03-24 06:53:00+01	en attente	365.00	3	8	2	120	t
8	2025-03-25 04:00:00+01	en attente	365.00	3	8	2	120	t
9	2025-03-26 04:01:00+01	en attente	365.00	3	8	2	120	t
10	2025-03-25 09:00:00+01	en attente	185.00	3	8	2	60	t
11	2025-03-24 13:00:00+01	en attente	185.00	3	8	2	60	t
12	2025-03-25 12:00:00+01	en attente	185.00	3	8	2	60	t
13	2025-03-25 10:00:00+01	en attente	185.00	3	8	2	60	t
14	2025-03-25 11:00:00+01	en attente	185.00	3	8	2	60	t
15	2025-03-25 13:00:00+01	en attente	185.00	3	8	2	60	t
18	2025-03-31 17:30:00+02	en attente	140.00	3	8	2	90	f
\.


--
-- Data for Name: hairbnb_tblrendezvousservice; Type: TABLE DATA; Schema: public; Owner: postgres
--

COPY public.hairbnb_tblrendezvousservice ("idRendezVousService", prix_applique, duree_estimee, rendez_vous_id, service_id) FROM stdin;
1	166.50	60	1	36
2	166.50	60	2	36
3	185.00	60	3	36
4	185.00	60	4	36
5	180.00	60	4	38
6	185.00	60	5	36
7	180.00	60	5	38
8	185.00	60	6	36
9	180.00	60	6	38
10	185.00	60	7	36
11	180.00	60	7	38
12	185.00	60	8	36
13	180.00	60	8	38
14	185.00	60	9	36
15	180.00	60	9	38
16	185.00	60	10	36
17	185.00	60	11	36
18	185.00	60	12	36
19	185.00	60	13	36
20	185.00	60	14	36
21	185.00	60	15	36
22	185.00	60	16	36
23	185.00	60	17	36
24	25.00	10	17	47
25	140.00	90	18	40
\.


--
-- Data for Name: hairbnb_tblrue; Type: TABLE DATA; Schema: public; Owner: postgres
--

COPY public.hairbnb_tblrue ("idTblRue", nom_rue, localite_id) FROM stdin;
1	rue nimy	1
2	cit├® cosmopolite	1
3	cit├® astrid	2
4	rue de nimy	1
5	rue des tanneurs	3
6	rue des tanneurs	4
7	avenue stalingrad	3
8	rue de  nimy	1
\.


--
-- Data for Name: hairbnb_tblsalon; Type: TABLE DATA; Schema: public; Owner: postgres
--

COPY public.hairbnb_tblsalon ("idTblSalon", slogan, logo_salon, coiffeuse_id) FROM stdin;
1	chez nous vous ├¬tes en s├®curit├®	photos/logos/salon_logo_Kt3hasb.png	1
2	salon mixte	photos/logos/salon_logo_rjo48Pl.png	8
3	you are with the wolfman	photos/logos/salon_logo_oUvxad0.png	14
5	every one	photos/logos/salon_logo_xPSqVhR.png	17
6	you are in save	photos/logos/salon_logo_rThQwpG.png	18
7	Toujours avec le meilleur	photos/logos/salon_logo_Xh4bJqa.png	19
\.


--
-- Data for Name: hairbnb_tblsalonservice; Type: TABLE DATA; Schema: public; Owner: postgres
--

COPY public.hairbnb_tblsalonservice ("idSalonService", salon_id, service_id) FROM stdin;
2	1	3
3	1	4
20	1	35
21	2	36
23	2	38
24	2	39
25	2	40
26	3	41
28	5	43
30	6	45
31	7	46
32	2	47
\.


--
-- Data for Name: hairbnb_tblservice; Type: TABLE DATA; Schema: public; Owner: postgres
--

COPY public.hairbnb_tblservice ("idTblService", intitule_service, description) FROM stdin;
4	Coloration	que vous souhaitiez des m├¿ches subtilement ├®claircies ou des nuances fantaisistes, notre ├®quipe de coloristes exp├®riment├®s utilisera des techniques avanc├®es pour cr├®er la couleur parfaite qui correspond ├á votre teint.
15	special service	un service sp├®cial
18	mitika	service top
24	tiki taka	foooooot
6	Manucure, onglerie et p├®dicure	Pour avoir de belles mains et de jolis ongles, d├®couvrez nos diff├®rents soins. Sp├®cialis├®s en onglerie, nous effectuons la pose de vernis simple, la french manucure et la manucure compl├¿te.
9	Couleur blanche	Description pour Couleur blanche
11	coiffeurs visagistes	Afin de vous rendre belle et irr├®sistible, nos coiffeurs visagistes mettent tout leur savoir-faire ├á votre service. Nous r├®alisons entre autres la coloration, la coupe, le lissage br├®silien et lÔÇÖextension de cheveux.
25	tiki taka	foooooot
12	Coloristes professionnels ├á Paris	Pour un rendu impeccable et de longue tenue, nous privil├®gions les produits de marque et haut de gamme.  Rendez-vous dans notre salon et tentez lÔÇÖexp├®rience. Notre ├®quipe se fera une joie de sÔÇÖoccuper de vous.
26	tiki taka	foooooot
27	tiki taka	foooooot
13	un service sp├®cial	la d├®scription pour le service sp├®cial
1	Les soins du visage	les esth├®ticiennes qualifi├®es utilisent des produits adapt├®s ├á chaque type de peau pour nettoyer, exfolier et hydrater le visage, offrant ainsi une sensation de fra├«cheur et une peau radieuse.
7	Un Ombr├® hair	Envie de changer de couleur ? Osez le Ombr├® Hair. Tr├¿s ├á la mode, ce type de coloration illumine votre chevelure, tout en conservant la base naturelle.
5	extension de cheveux	Les extensions de cheveux vous font r├¬ver ? Adressez-vous ├á nos coiffeurs. Sp├®cialistes en la mati├¿re, nous vous d├®voilons les secrets et astuces pour une belle chevelure longue et ├®paisse.  Cheveux synth├®tiques ou naturels, quelles que soient vos envies, nous saurons vous conseiller dans le choix de la mati├¿re adapt├®e.
14	service sp├®cial nordo	secret de chef
8	Manucure et soins	Description pour le nouveau service
3	Coupe de cheveux	nos coiffeurs professionnels sont form├®s pour r├®aliser des coupes qui s'adaptent ├á la forme de votre visage et vos pr├®f├®rences personnelles.
35	li├®ge service	l'installation de gaz maison 
36	new service	description new service
38	un service vips	description de service vip
39	coupe cheveux d├®grad├®	description de cette coupe
41	jack nicholson service	description de kack nicholson service
42	le servce de gary	dec serce gary
43	gary	gary
40	coupe cheveux special avec shampoing	description de cette coupe.....
45	cavallino service	description cavallino service
46	Coupe femme courte	Une coupe ├®l├®gante et tendance pour rafra├«chir votre look.
47	service	service
\.


--
-- Data for Name: hairbnb_tblserviceprix; Type: TABLE DATA; Schema: public; Owner: postgres
--

COPY public.hairbnb_tblserviceprix ("idServicePrix", prix_id, service_id) FROM stdin;
15	21	6
18	24	9
20	26	11
22	28	12
27	31	7
29	33	5
30	34	14
31	35	8
32	36	3
33	37	4
34	38	15
50	48	35
51	52	36
53	28	38
54	54	39
56	54	41
57	46	42
58	54	43
55	55	40
60	35	45
61	24	46
62	24	47
\.


--
-- Data for Name: hairbnb_tblservicetemps; Type: TABLE DATA; Schema: public; Owner: postgres
--

COPY public.hairbnb_tblservicetemps ("idServiceTemps", service_id, temps_id) FROM stdin;
61	38	45
62	39	4
64	41	45
65	42	38
66	43	38
63	40	47
68	45	4
69	46	46
70	47	48
15	6	20
18	9	23
20	11	25
22	12	26
26	13	29
28	1	30
29	7	31
31	5	32
32	14	33
33	8	34
34	3	35
35	4	18
36	15	36
40	18	38
46	24	38
47	25	38
48	26	43
49	27	43
58	35	45
59	36	45
\.


--
-- Data for Name: hairbnb_tbltemps; Type: TABLE DATA; Schema: public; Owner: postgres
--

COPY public.hairbnb_tbltemps ("idTblTemps", minutes) FROM stdin;
1	30
3	30
4	80
2	155
5	166
6	45
7	99
8	77
9	87
10	49
11	91
12	101
13	9
14	97
15	47
16	44
17	98
18	88
19	86
20	14
21	120
22	30
23	30
24	150
25	159
26	55
27	157
28	180
29	120
30	200
31	100
32	500
33	199
34	111
35	122
36	122
37	65
38	66
39	16
40	11
41	456
42	125
43	75
44	489
45	60
46	46
47	90
48	10
\.


--
-- Data for Name: hairbnb_tbluser; Type: TABLE DATA; Schema: public; Owner: postgres
--

COPY public.hairbnb_tbluser ("idTblUser", uuid, nom, prenom, email, type, sexe, numero_telephone, date_naissance, is_active, adresse_id, photo_profil) FROM stdin;
2	D4PTMzp97lbmfVVmXA0o0wo6zXz1	imam	adil	adil@gmail.com	coiffeuse	homme	12236	2024-12-16	t	2	photos/profils/profile_photo_DZkCSli.png
3	HczSxedt7BTdRzfXuL0FnfVkch73	andy	lucas	andy@gmail.com	coiffeuse	homme	2564	2024-12-10	t	3	photos/profils/profile_photo_ADrz139.png
4	S9JLAGwXywSFwlyYBcwl5Yx1E1n1	lucas	ansy	lucas@gmail.com	coiffeuse	homme	123456	2024-12-09	t	4	photos/profils/profile_photo_HZBmIM9.png
5	KmvhRIsxAldMumnOvH9iydLS47o2	amaral	patrick	amaral@gmail.com	coiffeuse	femme	321	2024-12-11	t	5	photos/profils/profile_photo_9Mqj4Ss.png
6	L1bhk0OH7mW934IJRmC7FesG3FM2	client	klant	client@gmail.com	client	homme	123456789	2024-12-08	t	6	
7	h1T53ipm7zdBYld9oFrtn9Ab1op1	banderas	andtonio	banderas@gmail.com	coiffeuse	homme	0000	2024-12-04	t	7	photos/profils/profile_photo_X65LAi0.png
8	ijHV8vMDPCaMGHTLbp6gjyy1jmL2	nordo	marwan	nordo@gmail.com	coiffeuse	homme	321654987	2025-01-27	t	8	photos/profils/profile_photo_ZiKfPTS.png
9	U3zTLhrtCoO3lkASl57p9ZIH4nI2	jackman	hugh	hugh@gmail.com	coiffeuse	homme	9876543210	2025-01-27	t	9	photos/profils/profile_photo_336Vp5c.png
11	ok7GfjtjpTgpp7Kmv8fQc2JNkI02	matt	damon	matt@gmail.com	client	homme	2222222222222	2025-02-03	t	11	photos/profils/profile_photo_v3PpfAr.png
13	KkhNlWsKyDZbdSp8UaxiNF7DMcw2	langoria	eva	eva@gmail.com	coiffeuse	femme	0464355116	2025-02-09	t	13	photos/profils/JPEG_20250209_191454_9084751312880224466.jpg
12	UICgNBvvQyavU9roWkajtro56nb2	de rupo	elio	elio@gmail.com	client	homme	33333333333	2025-02-02	t	12	photos/profils/profile_photo_HhLXY7r.png
15	DSraeBKUjQNlX3nRd7m9mDrY8M03	affleck	ben	affleck@gmail.com	coiffeuse	homme	123657899	2025-02-15	t	15	photos/profils/profile_photo_ncpd2VL.png
18	F6fMhIQHFaV7vpoMApirBZYzW4u2	nicholson	jack	jack@gmail.com	coiffeuse	homme	0145844555	2025-02-15	t	18	photos/profils/profile_photo_xwdr15q.png
21	N3SmZ886HUOFLsnSMBrObQqc1QS2	oldman	gary	gary@gmail.com	coiffeuse	femme	123658855	2025-02-15	t	21	photos/profils/profile_photo_Usk6nfo.png
22	kozYa0rt8HZMqvjWTxQVYEbT35O2	cavallino	pino	cavallino@gmail.com	coiffeuse	homme	06852145554	2025-02-23	t	22	photos/profils/profile_photo_cdCPyRS.png
23	3wqwvm2YfHVKKvMnO8YldAPuMsJ2	messi	leo	messi@gmail.com	coiffeuse	homme	0125366995	2025-03-04	t	23	photos/profils/profile_photo_F5gD4UB.png
10	0i2Kb2QmZVTznWDtfPtPGvWpPmV2	ahmad	bihiri	moi@gmail.com	coiffeuse	homme	14785369	2025-01-27	t	10	photos/profils/profile_photo_Sv67gA1.png
\.


--
-- Name: auth_group_id_seq; Type: SEQUENCE SET; Schema: public; Owner: postgres
--

SELECT pg_catalog.setval('public.auth_group_id_seq', 1, false);


--
-- Name: auth_group_permissions_id_seq; Type: SEQUENCE SET; Schema: public; Owner: postgres
--

SELECT pg_catalog.setval('public.auth_group_permissions_id_seq', 1, false);


--
-- Name: auth_permission_id_seq; Type: SEQUENCE SET; Schema: public; Owner: postgres
--

SELECT pg_catalog.setval('public.auth_permission_id_seq', 124, true);


--
-- Name: auth_user_groups_id_seq; Type: SEQUENCE SET; Schema: public; Owner: postgres
--

SELECT pg_catalog.setval('public.auth_user_groups_id_seq', 1, false);


--
-- Name: auth_user_id_seq; Type: SEQUENCE SET; Schema: public; Owner: postgres
--

SELECT pg_catalog.setval('public.auth_user_id_seq', 1, true);


--
-- Name: auth_user_user_permissions_id_seq; Type: SEQUENCE SET; Schema: public; Owner: postgres
--

SELECT pg_catalog.setval('public.auth_user_user_permissions_id_seq', 1, false);


--
-- Name: django_admin_log_id_seq; Type: SEQUENCE SET; Schema: public; Owner: postgres
--

SELECT pg_catalog.setval('public.django_admin_log_id_seq', 12, true);


--
-- Name: django_content_type_id_seq; Type: SEQUENCE SET; Schema: public; Owner: postgres
--

SELECT pg_catalog.setval('public.django_content_type_id_seq', 31, true);


--
-- Name: django_migrations_id_seq; Type: SEQUENCE SET; Schema: public; Owner: postgres
--

SELECT pg_catalog.setval('public.django_migrations_id_seq', 35, true);


--
-- Name: hairbnb_tbladresse_idTblAdresse_seq; Type: SEQUENCE SET; Schema: public; Owner: postgres
--

SELECT pg_catalog.setval('public."hairbnb_tbladresse_idTblAdresse_seq"', 23, true);


--
-- Name: hairbnb_tblcart_idTblCart_seq; Type: SEQUENCE SET; Schema: public; Owner: postgres
--

SELECT pg_catalog.setval('public."hairbnb_tblcart_idTblCart_seq"', 2, true);


--
-- Name: hairbnb_tblcartitem_idTblCartItem_seq; Type: SEQUENCE SET; Schema: public; Owner: postgres
--

SELECT pg_catalog.setval('public."hairbnb_tblcartitem_idTblCartItem_seq"', 42, true);


--
-- Name: hairbnb_tblclient_id_seq; Type: SEQUENCE SET; Schema: public; Owner: postgres
--

SELECT pg_catalog.setval('public.hairbnb_tblclient_id_seq', 3, true);


--
-- Name: hairbnb_tblcoiffeuse_id_seq; Type: SEQUENCE SET; Schema: public; Owner: postgres
--

SELECT pg_catalog.setval('public.hairbnb_tblcoiffeuse_id_seq', 19, true);


--
-- Name: hairbnb_tblhorairecoiffeuse_id_seq; Type: SEQUENCE SET; Schema: public; Owner: postgres
--

SELECT pg_catalog.setval('public.hairbnb_tblhorairecoiffeuse_id_seq', 13, true);


--
-- Name: hairbnb_tblimagesalon_idTblImageSalon_seq; Type: SEQUENCE SET; Schema: public; Owner: postgres
--

SELECT pg_catalog.setval('public."hairbnb_tblimagesalon_idTblImageSalon_seq"', 1, false);


--
-- Name: hairbnb_tblindisponibilite_id_seq; Type: SEQUENCE SET; Schema: public; Owner: postgres
--

SELECT pg_catalog.setval('public.hairbnb_tblindisponibilite_id_seq', 21, true);


--
-- Name: hairbnb_tbllocalite_idTblLocalite_seq; Type: SEQUENCE SET; Schema: public; Owner: postgres
--

SELECT pg_catalog.setval('public."hairbnb_tbllocalite_idTblLocalite_seq"', 4, true);


--
-- Name: hairbnb_tblpaiement_idPaiement_seq; Type: SEQUENCE SET; Schema: public; Owner: postgres
--

SELECT pg_catalog.setval('public."hairbnb_tblpaiement_idPaiement_seq"', 1, true);


--
-- Name: hairbnb_tblprix_idTblPrix_seq; Type: SEQUENCE SET; Schema: public; Owner: postgres
--

SELECT pg_catalog.setval('public."hairbnb_tblprix_idTblPrix_seq"', 55, true);


--
-- Name: hairbnb_tblpromotion_idPromotion_seq; Type: SEQUENCE SET; Schema: public; Owner: postgres
--

SELECT pg_catalog.setval('public."hairbnb_tblpromotion_idPromotion_seq"', 16, true);


--
-- Name: hairbnb_tblrendezvous_idRendezVous_seq; Type: SEQUENCE SET; Schema: public; Owner: postgres
--

SELECT pg_catalog.setval('public."hairbnb_tblrendezvous_idRendezVous_seq"', 18, true);


--
-- Name: hairbnb_tblrendezvousservice_idRendezVousService_seq; Type: SEQUENCE SET; Schema: public; Owner: postgres
--

SELECT pg_catalog.setval('public."hairbnb_tblrendezvousservice_idRendezVousService_seq"', 25, true);


--
-- Name: hairbnb_tblrue_idTblRue_seq; Type: SEQUENCE SET; Schema: public; Owner: postgres
--

SELECT pg_catalog.setval('public."hairbnb_tblrue_idTblRue_seq"', 8, true);


--
-- Name: hairbnb_tblsalon_idTblSalon_seq; Type: SEQUENCE SET; Schema: public; Owner: postgres
--

SELECT pg_catalog.setval('public."hairbnb_tblsalon_idTblSalon_seq"', 7, true);


--
-- Name: hairbnb_tblsalonservice_idSalonService_seq; Type: SEQUENCE SET; Schema: public; Owner: postgres
--

SELECT pg_catalog.setval('public."hairbnb_tblsalonservice_idSalonService_seq"', 32, true);


--
-- Name: hairbnb_tblservice_idTblService_seq; Type: SEQUENCE SET; Schema: public; Owner: postgres
--

SELECT pg_catalog.setval('public."hairbnb_tblservice_idTblService_seq"', 47, true);


--
-- Name: hairbnb_tblserviceprix_idServicePrix_seq; Type: SEQUENCE SET; Schema: public; Owner: postgres
--

SELECT pg_catalog.setval('public."hairbnb_tblserviceprix_idServicePrix_seq"', 62, true);


--
-- Name: hairbnb_tblservicetemps_idServiceTemps_seq; Type: SEQUENCE SET; Schema: public; Owner: postgres
--

SELECT pg_catalog.setval('public."hairbnb_tblservicetemps_idServiceTemps_seq"', 70, true);


--
-- Name: hairbnb_tbltemps_idTblTemps_seq; Type: SEQUENCE SET; Schema: public; Owner: postgres
--

SELECT pg_catalog.setval('public."hairbnb_tbltemps_idTblTemps_seq"', 48, true);


--
-- Name: hairbnb_tbluser_idTblUser_seq; Type: SEQUENCE SET; Schema: public; Owner: postgres
--

SELECT pg_catalog.setval('public."hairbnb_tbluser_idTblUser_seq"', 23, true);


--
-- Name: auth_group auth_group_name_key; Type: CONSTRAINT; Schema: public; Owner: postgres
--

ALTER TABLE ONLY public.auth_group
    ADD CONSTRAINT auth_group_name_key UNIQUE (name);


--
-- Name: auth_group_permissions auth_group_permissions_group_id_permission_id_0cd325b0_uniq; Type: CONSTRAINT; Schema: public; Owner: postgres
--

ALTER TABLE ONLY public.auth_group_permissions
    ADD CONSTRAINT auth_group_permissions_group_id_permission_id_0cd325b0_uniq UNIQUE (group_id, permission_id);


--
-- Name: auth_group_permissions auth_group_permissions_pkey; Type: CONSTRAINT; Schema: public; Owner: postgres
--

ALTER TABLE ONLY public.auth_group_permissions
    ADD CONSTRAINT auth_group_permissions_pkey PRIMARY KEY (id);


--
-- Name: auth_group auth_group_pkey; Type: CONSTRAINT; Schema: public; Owner: postgres
--

ALTER TABLE ONLY public.auth_group
    ADD CONSTRAINT auth_group_pkey PRIMARY KEY (id);


--
-- Name: auth_permission auth_permission_content_type_id_codename_01ab375a_uniq; Type: CONSTRAINT; Schema: public; Owner: postgres
--

ALTER TABLE ONLY public.auth_permission
    ADD CONSTRAINT auth_permission_content_type_id_codename_01ab375a_uniq UNIQUE (content_type_id, codename);


--
-- Name: auth_permission auth_permission_pkey; Type: CONSTRAINT; Schema: public; Owner: postgres
--

ALTER TABLE ONLY public.auth_permission
    ADD CONSTRAINT auth_permission_pkey PRIMARY KEY (id);


--
-- Name: auth_user_groups auth_user_groups_pkey; Type: CONSTRAINT; Schema: public; Owner: postgres
--

ALTER TABLE ONLY public.auth_user_groups
    ADD CONSTRAINT auth_user_groups_pkey PRIMARY KEY (id);


--
-- Name: auth_user_groups auth_user_groups_user_id_group_id_94350c0c_uniq; Type: CONSTRAINT; Schema: public; Owner: postgres
--

ALTER TABLE ONLY public.auth_user_groups
    ADD CONSTRAINT auth_user_groups_user_id_group_id_94350c0c_uniq UNIQUE (user_id, group_id);


--
-- Name: auth_user auth_user_pkey; Type: CONSTRAINT; Schema: public; Owner: postgres
--

ALTER TABLE ONLY public.auth_user
    ADD CONSTRAINT auth_user_pkey PRIMARY KEY (id);


--
-- Name: auth_user_user_permissions auth_user_user_permissions_pkey; Type: CONSTRAINT; Schema: public; Owner: postgres
--

ALTER TABLE ONLY public.auth_user_user_permissions
    ADD CONSTRAINT auth_user_user_permissions_pkey PRIMARY KEY (id);


--
-- Name: auth_user_user_permissions auth_user_user_permissions_user_id_permission_id_14a6b632_uniq; Type: CONSTRAINT; Schema: public; Owner: postgres
--

ALTER TABLE ONLY public.auth_user_user_permissions
    ADD CONSTRAINT auth_user_user_permissions_user_id_permission_id_14a6b632_uniq UNIQUE (user_id, permission_id);


--
-- Name: auth_user auth_user_username_key; Type: CONSTRAINT; Schema: public; Owner: postgres
--

ALTER TABLE ONLY public.auth_user
    ADD CONSTRAINT auth_user_username_key UNIQUE (username);


--
-- Name: django_admin_log django_admin_log_pkey; Type: CONSTRAINT; Schema: public; Owner: postgres
--

ALTER TABLE ONLY public.django_admin_log
    ADD CONSTRAINT django_admin_log_pkey PRIMARY KEY (id);


--
-- Name: django_content_type django_content_type_app_label_model_76bd3d3b_uniq; Type: CONSTRAINT; Schema: public; Owner: postgres
--

ALTER TABLE ONLY public.django_content_type
    ADD CONSTRAINT django_content_type_app_label_model_76bd3d3b_uniq UNIQUE (app_label, model);


--
-- Name: django_content_type django_content_type_pkey; Type: CONSTRAINT; Schema: public; Owner: postgres
--

ALTER TABLE ONLY public.django_content_type
    ADD CONSTRAINT django_content_type_pkey PRIMARY KEY (id);


--
-- Name: django_migrations django_migrations_pkey; Type: CONSTRAINT; Schema: public; Owner: postgres
--

ALTER TABLE ONLY public.django_migrations
    ADD CONSTRAINT django_migrations_pkey PRIMARY KEY (id);


--
-- Name: django_session django_session_pkey; Type: CONSTRAINT; Schema: public; Owner: postgres
--

ALTER TABLE ONLY public.django_session
    ADD CONSTRAINT django_session_pkey PRIMARY KEY (session_key);


--
-- Name: hairbnb_tbladresse hairbnb_tbladresse_pkey; Type: CONSTRAINT; Schema: public; Owner: postgres
--

ALTER TABLE ONLY public.hairbnb_tbladresse
    ADD CONSTRAINT hairbnb_tbladresse_pkey PRIMARY KEY ("idTblAdresse");


--
-- Name: hairbnb_tblcart hairbnb_tblcart_pkey; Type: CONSTRAINT; Schema: public; Owner: postgres
--

ALTER TABLE ONLY public.hairbnb_tblcart
    ADD CONSTRAINT hairbnb_tblcart_pkey PRIMARY KEY ("idTblCart");


--
-- Name: hairbnb_tblcart hairbnb_tblcart_user_id_key; Type: CONSTRAINT; Schema: public; Owner: postgres
--

ALTER TABLE ONLY public.hairbnb_tblcart
    ADD CONSTRAINT hairbnb_tblcart_user_id_key UNIQUE (user_id);


--
-- Name: hairbnb_tblcartitem hairbnb_tblcartitem_cart_id_service_id_9ba5e369_uniq; Type: CONSTRAINT; Schema: public; Owner: postgres
--

ALTER TABLE ONLY public.hairbnb_tblcartitem
    ADD CONSTRAINT hairbnb_tblcartitem_cart_id_service_id_9ba5e369_uniq UNIQUE (cart_id, service_id);


--
-- Name: hairbnb_tblcartitem hairbnb_tblcartitem_pkey; Type: CONSTRAINT; Schema: public; Owner: postgres
--

ALTER TABLE ONLY public.hairbnb_tblcartitem
    ADD CONSTRAINT hairbnb_tblcartitem_pkey PRIMARY KEY ("idTblCartItem");


--
-- Name: hairbnb_tblclient hairbnb_tblclient_pkey; Type: CONSTRAINT; Schema: public; Owner: postgres
--

ALTER TABLE ONLY public.hairbnb_tblclient
    ADD CONSTRAINT hairbnb_tblclient_pkey PRIMARY KEY (id);


--
-- Name: hairbnb_tblcoiffeuse hairbnb_tblcoiffeuse_idTblUser_id_key; Type: CONSTRAINT; Schema: public; Owner: postgres
--

ALTER TABLE ONLY public.hairbnb_tblcoiffeuse
    ADD CONSTRAINT "hairbnb_tblcoiffeuse_idTblUser_id_key" UNIQUE ("idTblUser_id");


--
-- Name: hairbnb_tblcoiffeuse hairbnb_tblcoiffeuse_pkey; Type: CONSTRAINT; Schema: public; Owner: postgres
--

ALTER TABLE ONLY public.hairbnb_tblcoiffeuse
    ADD CONSTRAINT hairbnb_tblcoiffeuse_pkey PRIMARY KEY (id);


--
-- Name: hairbnb_tblhorairecoiffeuse hairbnb_tblhorairecoiffeuse_coiffeuse_id_jour_de2bb9b4_uniq; Type: CONSTRAINT; Schema: public; Owner: postgres
--

ALTER TABLE ONLY public.hairbnb_tblhorairecoiffeuse
    ADD CONSTRAINT hairbnb_tblhorairecoiffeuse_coiffeuse_id_jour_de2bb9b4_uniq UNIQUE (coiffeuse_id, jour);


--
-- Name: hairbnb_tblhorairecoiffeuse hairbnb_tblhorairecoiffeuse_pkey; Type: CONSTRAINT; Schema: public; Owner: postgres
--

ALTER TABLE ONLY public.hairbnb_tblhorairecoiffeuse
    ADD CONSTRAINT hairbnb_tblhorairecoiffeuse_pkey PRIMARY KEY (id);


--
-- Name: hairbnb_tblimagesalon hairbnb_tblimagesalon_pkey; Type: CONSTRAINT; Schema: public; Owner: postgres
--

ALTER TABLE ONLY public.hairbnb_tblimagesalon
    ADD CONSTRAINT hairbnb_tblimagesalon_pkey PRIMARY KEY ("idTblImageSalon");


--
-- Name: hairbnb_tblindisponibilite hairbnb_tblindisponibilite_pkey; Type: CONSTRAINT; Schema: public; Owner: postgres
--

ALTER TABLE ONLY public.hairbnb_tblindisponibilite
    ADD CONSTRAINT hairbnb_tblindisponibilite_pkey PRIMARY KEY (id);


--
-- Name: hairbnb_tbllocalite hairbnb_tbllocalite_pkey; Type: CONSTRAINT; Schema: public; Owner: postgres
--

ALTER TABLE ONLY public.hairbnb_tbllocalite
    ADD CONSTRAINT hairbnb_tbllocalite_pkey PRIMARY KEY ("idTblLocalite");


--
-- Name: hairbnb_tblpaiement hairbnb_tblpaiement_pkey; Type: CONSTRAINT; Schema: public; Owner: postgres
--

ALTER TABLE ONLY public.hairbnb_tblpaiement
    ADD CONSTRAINT hairbnb_tblpaiement_pkey PRIMARY KEY ("idPaiement");


--
-- Name: hairbnb_tblpaiement hairbnb_tblpaiement_rendez_vous_id_key; Type: CONSTRAINT; Schema: public; Owner: postgres
--

ALTER TABLE ONLY public.hairbnb_tblpaiement
    ADD CONSTRAINT hairbnb_tblpaiement_rendez_vous_id_key UNIQUE (rendez_vous_id);


--
-- Name: hairbnb_tblprix hairbnb_tblprix_pkey; Type: CONSTRAINT; Schema: public; Owner: postgres
--

ALTER TABLE ONLY public.hairbnb_tblprix
    ADD CONSTRAINT hairbnb_tblprix_pkey PRIMARY KEY ("idTblPrix");


--
-- Name: hairbnb_tblprix hairbnb_tblprix_prix_fc767c8c_uniq; Type: CONSTRAINT; Schema: public; Owner: postgres
--

ALTER TABLE ONLY public.hairbnb_tblprix
    ADD CONSTRAINT hairbnb_tblprix_prix_fc767c8c_uniq UNIQUE (prix);


--
-- Name: hairbnb_tblpromotion hairbnb_tblpromotion_pkey; Type: CONSTRAINT; Schema: public; Owner: postgres
--

ALTER TABLE ONLY public.hairbnb_tblpromotion
    ADD CONSTRAINT hairbnb_tblpromotion_pkey PRIMARY KEY ("idPromotion");


--
-- Name: hairbnb_tblrendezvous hairbnb_tblrendezvous_pkey; Type: CONSTRAINT; Schema: public; Owner: postgres
--

ALTER TABLE ONLY public.hairbnb_tblrendezvous
    ADD CONSTRAINT hairbnb_tblrendezvous_pkey PRIMARY KEY ("idRendezVous");


--
-- Name: hairbnb_tblrendezvousservice hairbnb_tblrendezvousser_rendez_vous_id_service_i_436ff607_uniq; Type: CONSTRAINT; Schema: public; Owner: postgres
--

ALTER TABLE ONLY public.hairbnb_tblrendezvousservice
    ADD CONSTRAINT hairbnb_tblrendezvousser_rendez_vous_id_service_i_436ff607_uniq UNIQUE (rendez_vous_id, service_id);


--
-- Name: hairbnb_tblrendezvousservice hairbnb_tblrendezvousservice_pkey; Type: CONSTRAINT; Schema: public; Owner: postgres
--

ALTER TABLE ONLY public.hairbnb_tblrendezvousservice
    ADD CONSTRAINT hairbnb_tblrendezvousservice_pkey PRIMARY KEY ("idRendezVousService");


--
-- Name: hairbnb_tblrue hairbnb_tblrue_nom_rue_localite_id_75b7e8ed_uniq; Type: CONSTRAINT; Schema: public; Owner: postgres
--

ALTER TABLE ONLY public.hairbnb_tblrue
    ADD CONSTRAINT hairbnb_tblrue_nom_rue_localite_id_75b7e8ed_uniq UNIQUE (nom_rue, localite_id);


--
-- Name: hairbnb_tblrue hairbnb_tblrue_pkey; Type: CONSTRAINT; Schema: public; Owner: postgres
--

ALTER TABLE ONLY public.hairbnb_tblrue
    ADD CONSTRAINT hairbnb_tblrue_pkey PRIMARY KEY ("idTblRue");


--
-- Name: hairbnb_tblsalon hairbnb_tblsalon_coiffeuse_id_key; Type: CONSTRAINT; Schema: public; Owner: postgres
--

ALTER TABLE ONLY public.hairbnb_tblsalon
    ADD CONSTRAINT hairbnb_tblsalon_coiffeuse_id_key UNIQUE (coiffeuse_id);


--
-- Name: hairbnb_tblsalon hairbnb_tblsalon_pkey; Type: CONSTRAINT; Schema: public; Owner: postgres
--

ALTER TABLE ONLY public.hairbnb_tblsalon
    ADD CONSTRAINT hairbnb_tblsalon_pkey PRIMARY KEY ("idTblSalon");


--
-- Name: hairbnb_tblsalonservice hairbnb_tblsalonservice_pkey; Type: CONSTRAINT; Schema: public; Owner: postgres
--

ALTER TABLE ONLY public.hairbnb_tblsalonservice
    ADD CONSTRAINT hairbnb_tblsalonservice_pkey PRIMARY KEY ("idSalonService");


--
-- Name: hairbnb_tblsalonservice hairbnb_tblsalonservice_salon_id_service_id_9960cc07_uniq; Type: CONSTRAINT; Schema: public; Owner: postgres
--

ALTER TABLE ONLY public.hairbnb_tblsalonservice
    ADD CONSTRAINT hairbnb_tblsalonservice_salon_id_service_id_9960cc07_uniq UNIQUE (salon_id, service_id);


--
-- Name: hairbnb_tblservice hairbnb_tblservice_pkey; Type: CONSTRAINT; Schema: public; Owner: postgres
--

ALTER TABLE ONLY public.hairbnb_tblservice
    ADD CONSTRAINT hairbnb_tblservice_pkey PRIMARY KEY ("idTblService");


--
-- Name: hairbnb_tblserviceprix hairbnb_tblserviceprix_pkey; Type: CONSTRAINT; Schema: public; Owner: postgres
--

ALTER TABLE ONLY public.hairbnb_tblserviceprix
    ADD CONSTRAINT hairbnb_tblserviceprix_pkey PRIMARY KEY ("idServicePrix");


--
-- Name: hairbnb_tblserviceprix hairbnb_tblserviceprix_service_id_8653ffac_uniq; Type: CONSTRAINT; Schema: public; Owner: postgres
--

ALTER TABLE ONLY public.hairbnb_tblserviceprix
    ADD CONSTRAINT hairbnb_tblserviceprix_service_id_8653ffac_uniq UNIQUE (service_id);


--
-- Name: hairbnb_tblservicetemps hairbnb_tblservicetemps_pkey; Type: CONSTRAINT; Schema: public; Owner: postgres
--

ALTER TABLE ONLY public.hairbnb_tblservicetemps
    ADD CONSTRAINT hairbnb_tblservicetemps_pkey PRIMARY KEY ("idServiceTemps");


--
-- Name: hairbnb_tblservicetemps hairbnb_tblservicetemps_service_id_temps_id_587c207b_uniq; Type: CONSTRAINT; Schema: public; Owner: postgres
--

ALTER TABLE ONLY public.hairbnb_tblservicetemps
    ADD CONSTRAINT hairbnb_tblservicetemps_service_id_temps_id_587c207b_uniq UNIQUE (service_id, temps_id);


--
-- Name: hairbnb_tbltemps hairbnb_tbltemps_pkey; Type: CONSTRAINT; Schema: public; Owner: postgres
--

ALTER TABLE ONLY public.hairbnb_tbltemps
    ADD CONSTRAINT hairbnb_tbltemps_pkey PRIMARY KEY ("idTblTemps");


--
-- Name: hairbnb_tbluser hairbnb_tbluser_email_key; Type: CONSTRAINT; Schema: public; Owner: postgres
--

ALTER TABLE ONLY public.hairbnb_tbluser
    ADD CONSTRAINT hairbnb_tbluser_email_key UNIQUE (email);


--
-- Name: hairbnb_tbluser hairbnb_tbluser_pkey; Type: CONSTRAINT; Schema: public; Owner: postgres
--

ALTER TABLE ONLY public.hairbnb_tbluser
    ADD CONSTRAINT hairbnb_tbluser_pkey PRIMARY KEY ("idTblUser");


--
-- Name: hairbnb_tbluser hairbnb_tbluser_uuid_key; Type: CONSTRAINT; Schema: public; Owner: postgres
--

ALTER TABLE ONLY public.hairbnb_tbluser
    ADD CONSTRAINT hairbnb_tbluser_uuid_key UNIQUE (uuid);


--
-- Name: auth_group_name_a6ea08ec_like; Type: INDEX; Schema: public; Owner: postgres
--

CREATE INDEX auth_group_name_a6ea08ec_like ON public.auth_group USING btree (name varchar_pattern_ops);


--
-- Name: auth_group_permissions_group_id_b120cbf9; Type: INDEX; Schema: public; Owner: postgres
--

CREATE INDEX auth_group_permissions_group_id_b120cbf9 ON public.auth_group_permissions USING btree (group_id);


--
-- Name: auth_group_permissions_permission_id_84c5c92e; Type: INDEX; Schema: public; Owner: postgres
--

CREATE INDEX auth_group_permissions_permission_id_84c5c92e ON public.auth_group_permissions USING btree (permission_id);


--
-- Name: auth_permission_content_type_id_2f476e4b; Type: INDEX; Schema: public; Owner: postgres
--

CREATE INDEX auth_permission_content_type_id_2f476e4b ON public.auth_permission USING btree (content_type_id);


--
-- Name: auth_user_groups_group_id_97559544; Type: INDEX; Schema: public; Owner: postgres
--

CREATE INDEX auth_user_groups_group_id_97559544 ON public.auth_user_groups USING btree (group_id);


--
-- Name: auth_user_groups_user_id_6a12ed8b; Type: INDEX; Schema: public; Owner: postgres
--

CREATE INDEX auth_user_groups_user_id_6a12ed8b ON public.auth_user_groups USING btree (user_id);


--
-- Name: auth_user_user_permissions_permission_id_1fbb5f2c; Type: INDEX; Schema: public; Owner: postgres
--

CREATE INDEX auth_user_user_permissions_permission_id_1fbb5f2c ON public.auth_user_user_permissions USING btree (permission_id);


--
-- Name: auth_user_user_permissions_user_id_a95ead1b; Type: INDEX; Schema: public; Owner: postgres
--

CREATE INDEX auth_user_user_permissions_user_id_a95ead1b ON public.auth_user_user_permissions USING btree (user_id);


--
-- Name: auth_user_username_6821ab7c_like; Type: INDEX; Schema: public; Owner: postgres
--

CREATE INDEX auth_user_username_6821ab7c_like ON public.auth_user USING btree (username varchar_pattern_ops);


--
-- Name: django_admin_log_content_type_id_c4bce8eb; Type: INDEX; Schema: public; Owner: postgres
--

CREATE INDEX django_admin_log_content_type_id_c4bce8eb ON public.django_admin_log USING btree (content_type_id);


--
-- Name: django_admin_log_user_id_c564eba6; Type: INDEX; Schema: public; Owner: postgres
--

CREATE INDEX django_admin_log_user_id_c564eba6 ON public.django_admin_log USING btree (user_id);


--
-- Name: django_session_expire_date_a5c62663; Type: INDEX; Schema: public; Owner: postgres
--

CREATE INDEX django_session_expire_date_a5c62663 ON public.django_session USING btree (expire_date);


--
-- Name: django_session_session_key_c0390e0f_like; Type: INDEX; Schema: public; Owner: postgres
--

CREATE INDEX django_session_session_key_c0390e0f_like ON public.django_session USING btree (session_key varchar_pattern_ops);


--
-- Name: hairbnb_tbladresse_rue_id_53f404ba; Type: INDEX; Schema: public; Owner: postgres
--

CREATE INDEX hairbnb_tbladresse_rue_id_53f404ba ON public.hairbnb_tbladresse USING btree (rue_id);


--
-- Name: hairbnb_tblcartitem_cart_id_c58d42c1; Type: INDEX; Schema: public; Owner: postgres
--

CREATE INDEX hairbnb_tblcartitem_cart_id_c58d42c1 ON public.hairbnb_tblcartitem USING btree (cart_id);


--
-- Name: hairbnb_tblcartitem_service_id_bab13820; Type: INDEX; Schema: public; Owner: postgres
--

CREATE INDEX hairbnb_tblcartitem_service_id_bab13820 ON public.hairbnb_tblcartitem USING btree (service_id);


--
-- Name: hairbnb_tblclient_idTblUser_7b1cebc2; Type: INDEX; Schema: public; Owner: postgres
--

CREATE INDEX "hairbnb_tblclient_idTblUser_7b1cebc2" ON public.hairbnb_tblclient USING btree ("idTblUser");


--
-- Name: hairbnb_tblhorairecoiffeuse_coiffeuse_id_eaaec8e9; Type: INDEX; Schema: public; Owner: postgres
--

CREATE INDEX hairbnb_tblhorairecoiffeuse_coiffeuse_id_eaaec8e9 ON public.hairbnb_tblhorairecoiffeuse USING btree (coiffeuse_id);


--
-- Name: hairbnb_tblimagesalon_salon_id_6b8775b4; Type: INDEX; Schema: public; Owner: postgres
--

CREATE INDEX hairbnb_tblimagesalon_salon_id_6b8775b4 ON public.hairbnb_tblimagesalon USING btree (salon_id);


--
-- Name: hairbnb_tblindisponibilite_coiffeuse_id_5e91f793; Type: INDEX; Schema: public; Owner: postgres
--

CREATE INDEX hairbnb_tblindisponibilite_coiffeuse_id_5e91f793 ON public.hairbnb_tblindisponibilite USING btree (coiffeuse_id);


--
-- Name: hairbnb_tblpromotion_service_id_1912ca61; Type: INDEX; Schema: public; Owner: postgres
--

CREATE INDEX hairbnb_tblpromotion_service_id_1912ca61 ON public.hairbnb_tblpromotion USING btree (service_id);


--
-- Name: hairbnb_tblrendezvous_client_id_bd3ff547; Type: INDEX; Schema: public; Owner: postgres
--

CREATE INDEX hairbnb_tblrendezvous_client_id_bd3ff547 ON public.hairbnb_tblrendezvous USING btree (client_id);


--
-- Name: hairbnb_tblrendezvous_coiffeuse_id_4e0d8f98; Type: INDEX; Schema: public; Owner: postgres
--

CREATE INDEX hairbnb_tblrendezvous_coiffeuse_id_4e0d8f98 ON public.hairbnb_tblrendezvous USING btree (coiffeuse_id);


--
-- Name: hairbnb_tblrendezvous_salon_id_8a56d680; Type: INDEX; Schema: public; Owner: postgres
--

CREATE INDEX hairbnb_tblrendezvous_salon_id_8a56d680 ON public.hairbnb_tblrendezvous USING btree (salon_id);


--
-- Name: hairbnb_tblrendezvousservice_rendez_vous_id_c9a35382; Type: INDEX; Schema: public; Owner: postgres
--

CREATE INDEX hairbnb_tblrendezvousservice_rendez_vous_id_c9a35382 ON public.hairbnb_tblrendezvousservice USING btree (rendez_vous_id);


--
-- Name: hairbnb_tblrendezvousservice_service_id_777801bb; Type: INDEX; Schema: public; Owner: postgres
--

CREATE INDEX hairbnb_tblrendezvousservice_service_id_777801bb ON public.hairbnb_tblrendezvousservice USING btree (service_id);


--
-- Name: hairbnb_tblrue_localite_id_6f3f6fdd; Type: INDEX; Schema: public; Owner: postgres
--

CREATE INDEX hairbnb_tblrue_localite_id_6f3f6fdd ON public.hairbnb_tblrue USING btree (localite_id);


--
-- Name: hairbnb_tblsalonservice_salon_id_e372c7c7; Type: INDEX; Schema: public; Owner: postgres
--

CREATE INDEX hairbnb_tblsalonservice_salon_id_e372c7c7 ON public.hairbnb_tblsalonservice USING btree (salon_id);


--
-- Name: hairbnb_tblsalonservice_service_id_1c936e4d; Type: INDEX; Schema: public; Owner: postgres
--

CREATE INDEX hairbnb_tblsalonservice_service_id_1c936e4d ON public.hairbnb_tblsalonservice USING btree (service_id);


--
-- Name: hairbnb_tblserviceprix_prix_id_ab2ec8f1; Type: INDEX; Schema: public; Owner: postgres
--

CREATE INDEX hairbnb_tblserviceprix_prix_id_ab2ec8f1 ON public.hairbnb_tblserviceprix USING btree (prix_id);


--
-- Name: hairbnb_tblserviceprix_service_id_8653ffac; Type: INDEX; Schema: public; Owner: postgres
--

CREATE INDEX hairbnb_tblserviceprix_service_id_8653ffac ON public.hairbnb_tblserviceprix USING btree (service_id);


--
-- Name: hairbnb_tblservicetemps_service_id_47fef60e; Type: INDEX; Schema: public; Owner: postgres
--

CREATE INDEX hairbnb_tblservicetemps_service_id_47fef60e ON public.hairbnb_tblservicetemps USING btree (service_id);


--
-- Name: hairbnb_tblservicetemps_temps_id_05dbc62a; Type: INDEX; Schema: public; Owner: postgres
--

CREATE INDEX hairbnb_tblservicetemps_temps_id_05dbc62a ON public.hairbnb_tblservicetemps USING btree (temps_id);


--
-- Name: hairbnb_tbluser_adresse_id_dd2e4885; Type: INDEX; Schema: public; Owner: postgres
--

CREATE INDEX hairbnb_tbluser_adresse_id_dd2e4885 ON public.hairbnb_tbluser USING btree (adresse_id);


--
-- Name: hairbnb_tbluser_email_c8c082d2_like; Type: INDEX; Schema: public; Owner: postgres
--

CREATE INDEX hairbnb_tbluser_email_c8c082d2_like ON public.hairbnb_tbluser USING btree (email varchar_pattern_ops);


--
-- Name: hairbnb_tbluser_uuid_204d3683_like; Type: INDEX; Schema: public; Owner: postgres
--

CREATE INDEX hairbnb_tbluser_uuid_204d3683_like ON public.hairbnb_tbluser USING btree (uuid varchar_pattern_ops);


--
-- Name: auth_group_permissions auth_group_permissio_permission_id_84c5c92e_fk_auth_perm; Type: FK CONSTRAINT; Schema: public; Owner: postgres
--

ALTER TABLE ONLY public.auth_group_permissions
    ADD CONSTRAINT auth_group_permissio_permission_id_84c5c92e_fk_auth_perm FOREIGN KEY (permission_id) REFERENCES public.auth_permission(id) DEFERRABLE INITIALLY DEFERRED;


--
-- Name: auth_group_permissions auth_group_permissions_group_id_b120cbf9_fk_auth_group_id; Type: FK CONSTRAINT; Schema: public; Owner: postgres
--

ALTER TABLE ONLY public.auth_group_permissions
    ADD CONSTRAINT auth_group_permissions_group_id_b120cbf9_fk_auth_group_id FOREIGN KEY (group_id) REFERENCES public.auth_group(id) DEFERRABLE INITIALLY DEFERRED;


--
-- Name: auth_permission auth_permission_content_type_id_2f476e4b_fk_django_co; Type: FK CONSTRAINT; Schema: public; Owner: postgres
--

ALTER TABLE ONLY public.auth_permission
    ADD CONSTRAINT auth_permission_content_type_id_2f476e4b_fk_django_co FOREIGN KEY (content_type_id) REFERENCES public.django_content_type(id) DEFERRABLE INITIALLY DEFERRED;


--
-- Name: auth_user_groups auth_user_groups_group_id_97559544_fk_auth_group_id; Type: FK CONSTRAINT; Schema: public; Owner: postgres
--

ALTER TABLE ONLY public.auth_user_groups
    ADD CONSTRAINT auth_user_groups_group_id_97559544_fk_auth_group_id FOREIGN KEY (group_id) REFERENCES public.auth_group(id) DEFERRABLE INITIALLY DEFERRED;


--
-- Name: auth_user_groups auth_user_groups_user_id_6a12ed8b_fk_auth_user_id; Type: FK CONSTRAINT; Schema: public; Owner: postgres
--

ALTER TABLE ONLY public.auth_user_groups
    ADD CONSTRAINT auth_user_groups_user_id_6a12ed8b_fk_auth_user_id FOREIGN KEY (user_id) REFERENCES public.auth_user(id) DEFERRABLE INITIALLY DEFERRED;


--
-- Name: auth_user_user_permissions auth_user_user_permi_permission_id_1fbb5f2c_fk_auth_perm; Type: FK CONSTRAINT; Schema: public; Owner: postgres
--

ALTER TABLE ONLY public.auth_user_user_permissions
    ADD CONSTRAINT auth_user_user_permi_permission_id_1fbb5f2c_fk_auth_perm FOREIGN KEY (permission_id) REFERENCES public.auth_permission(id) DEFERRABLE INITIALLY DEFERRED;


--
-- Name: auth_user_user_permissions auth_user_user_permissions_user_id_a95ead1b_fk_auth_user_id; Type: FK CONSTRAINT; Schema: public; Owner: postgres
--

ALTER TABLE ONLY public.auth_user_user_permissions
    ADD CONSTRAINT auth_user_user_permissions_user_id_a95ead1b_fk_auth_user_id FOREIGN KEY (user_id) REFERENCES public.auth_user(id) DEFERRABLE INITIALLY DEFERRED;


--
-- Name: django_admin_log django_admin_log_content_type_id_c4bce8eb_fk_django_co; Type: FK CONSTRAINT; Schema: public; Owner: postgres
--

ALTER TABLE ONLY public.django_admin_log
    ADD CONSTRAINT django_admin_log_content_type_id_c4bce8eb_fk_django_co FOREIGN KEY (content_type_id) REFERENCES public.django_content_type(id) DEFERRABLE INITIALLY DEFERRED;


--
-- Name: django_admin_log django_admin_log_user_id_c564eba6_fk_auth_user_id; Type: FK CONSTRAINT; Schema: public; Owner: postgres
--

ALTER TABLE ONLY public.django_admin_log
    ADD CONSTRAINT django_admin_log_user_id_c564eba6_fk_auth_user_id FOREIGN KEY (user_id) REFERENCES public.auth_user(id) DEFERRABLE INITIALLY DEFERRED;


--
-- Name: hairbnb_tbladresse hairbnb_tbladresse_rue_id_53f404ba_fk_hairbnb_tblrue_idTblRue; Type: FK CONSTRAINT; Schema: public; Owner: postgres
--

ALTER TABLE ONLY public.hairbnb_tbladresse
    ADD CONSTRAINT "hairbnb_tbladresse_rue_id_53f404ba_fk_hairbnb_tblrue_idTblRue" FOREIGN KEY (rue_id) REFERENCES public.hairbnb_tblrue("idTblRue") DEFERRABLE INITIALLY DEFERRED;


--
-- Name: hairbnb_tblcart hairbnb_tblcart_user_id_b8276c60_fk_hairbnb_tbluser_idTblUser; Type: FK CONSTRAINT; Schema: public; Owner: postgres
--

ALTER TABLE ONLY public.hairbnb_tblcart
    ADD CONSTRAINT "hairbnb_tblcart_user_id_b8276c60_fk_hairbnb_tbluser_idTblUser" FOREIGN KEY (user_id) REFERENCES public.hairbnb_tbluser("idTblUser") DEFERRABLE INITIALLY DEFERRED;


--
-- Name: hairbnb_tblcartitem hairbnb_tblcartitem_cart_id_c58d42c1_fk_hairbnb_t; Type: FK CONSTRAINT; Schema: public; Owner: postgres
--

ALTER TABLE ONLY public.hairbnb_tblcartitem
    ADD CONSTRAINT hairbnb_tblcartitem_cart_id_c58d42c1_fk_hairbnb_t FOREIGN KEY (cart_id) REFERENCES public.hairbnb_tblcart("idTblCart") DEFERRABLE INITIALLY DEFERRED;


--
-- Name: hairbnb_tblcartitem hairbnb_tblcartitem_service_id_bab13820_fk_hairbnb_t; Type: FK CONSTRAINT; Schema: public; Owner: postgres
--

ALTER TABLE ONLY public.hairbnb_tblcartitem
    ADD CONSTRAINT hairbnb_tblcartitem_service_id_bab13820_fk_hairbnb_t FOREIGN KEY (service_id) REFERENCES public.hairbnb_tblservice("idTblService") DEFERRABLE INITIALLY DEFERRED;


--
-- Name: hairbnb_tblclient hairbnb_tblclient_idTblUser_7b1cebc2_fk_hairbnb_t; Type: FK CONSTRAINT; Schema: public; Owner: postgres
--

ALTER TABLE ONLY public.hairbnb_tblclient
    ADD CONSTRAINT "hairbnb_tblclient_idTblUser_7b1cebc2_fk_hairbnb_t" FOREIGN KEY ("idTblUser") REFERENCES public.hairbnb_tbluser("idTblUser") DEFERRABLE INITIALLY DEFERRED;


--
-- Name: hairbnb_tblcoiffeuse hairbnb_tblcoiffeuse_idTblUser_id_5b88f748_fk_hairbnb_t; Type: FK CONSTRAINT; Schema: public; Owner: postgres
--

ALTER TABLE ONLY public.hairbnb_tblcoiffeuse
    ADD CONSTRAINT "hairbnb_tblcoiffeuse_idTblUser_id_5b88f748_fk_hairbnb_t" FOREIGN KEY ("idTblUser_id") REFERENCES public.hairbnb_tbluser("idTblUser") DEFERRABLE INITIALLY DEFERRED;


--
-- Name: hairbnb_tblhorairecoiffeuse hairbnb_tblhoraireco_coiffeuse_id_eaaec8e9_fk_hairbnb_t; Type: FK CONSTRAINT; Schema: public; Owner: postgres
--

ALTER TABLE ONLY public.hairbnb_tblhorairecoiffeuse
    ADD CONSTRAINT hairbnb_tblhoraireco_coiffeuse_id_eaaec8e9_fk_hairbnb_t FOREIGN KEY (coiffeuse_id) REFERENCES public.hairbnb_tblcoiffeuse(id) DEFERRABLE INITIALLY DEFERRED;


--
-- Name: hairbnb_tblimagesalon hairbnb_tblimagesalo_salon_id_6b8775b4_fk_hairbnb_t; Type: FK CONSTRAINT; Schema: public; Owner: postgres
--

ALTER TABLE ONLY public.hairbnb_tblimagesalon
    ADD CONSTRAINT hairbnb_tblimagesalo_salon_id_6b8775b4_fk_hairbnb_t FOREIGN KEY (salon_id) REFERENCES public.hairbnb_tblsalon("idTblSalon") DEFERRABLE INITIALLY DEFERRED;


--
-- Name: hairbnb_tblindisponibilite hairbnb_tblindisponi_coiffeuse_id_5e91f793_fk_hairbnb_t; Type: FK CONSTRAINT; Schema: public; Owner: postgres
--

ALTER TABLE ONLY public.hairbnb_tblindisponibilite
    ADD CONSTRAINT hairbnb_tblindisponi_coiffeuse_id_5e91f793_fk_hairbnb_t FOREIGN KEY (coiffeuse_id) REFERENCES public.hairbnb_tblcoiffeuse(id) DEFERRABLE INITIALLY DEFERRED;


--
-- Name: hairbnb_tblpaiement hairbnb_tblpaiement_rendez_vous_id_20175757_fk_hairbnb_t; Type: FK CONSTRAINT; Schema: public; Owner: postgres
--

ALTER TABLE ONLY public.hairbnb_tblpaiement
    ADD CONSTRAINT hairbnb_tblpaiement_rendez_vous_id_20175757_fk_hairbnb_t FOREIGN KEY (rendez_vous_id) REFERENCES public.hairbnb_tblrendezvous("idRendezVous") DEFERRABLE INITIALLY DEFERRED;


--
-- Name: hairbnb_tblpromotion hairbnb_tblpromotion_service_id_1912ca61_fk_hairbnb_t; Type: FK CONSTRAINT; Schema: public; Owner: postgres
--

ALTER TABLE ONLY public.hairbnb_tblpromotion
    ADD CONSTRAINT hairbnb_tblpromotion_service_id_1912ca61_fk_hairbnb_t FOREIGN KEY (service_id) REFERENCES public.hairbnb_tblservice("idTblService") DEFERRABLE INITIALLY DEFERRED;


--
-- Name: hairbnb_tblrendezvous hairbnb_tblrendezvou_client_id_bd3ff547_fk_hairbnb_t; Type: FK CONSTRAINT; Schema: public; Owner: postgres
--

ALTER TABLE ONLY public.hairbnb_tblrendezvous
    ADD CONSTRAINT hairbnb_tblrendezvou_client_id_bd3ff547_fk_hairbnb_t FOREIGN KEY (client_id) REFERENCES public.hairbnb_tblclient(id) DEFERRABLE INITIALLY DEFERRED;


--
-- Name: hairbnb_tblrendezvous hairbnb_tblrendezvou_coiffeuse_id_4e0d8f98_fk_hairbnb_t; Type: FK CONSTRAINT; Schema: public; Owner: postgres
--

ALTER TABLE ONLY public.hairbnb_tblrendezvous
    ADD CONSTRAINT hairbnb_tblrendezvou_coiffeuse_id_4e0d8f98_fk_hairbnb_t FOREIGN KEY (coiffeuse_id) REFERENCES public.hairbnb_tblcoiffeuse(id) DEFERRABLE INITIALLY DEFERRED;


--
-- Name: hairbnb_tblrendezvousservice hairbnb_tblrendezvou_rendez_vous_id_c9a35382_fk_hairbnb_t; Type: FK CONSTRAINT; Schema: public; Owner: postgres
--

ALTER TABLE ONLY public.hairbnb_tblrendezvousservice
    ADD CONSTRAINT hairbnb_tblrendezvou_rendez_vous_id_c9a35382_fk_hairbnb_t FOREIGN KEY (rendez_vous_id) REFERENCES public.hairbnb_tblrendezvous("idRendezVous") DEFERRABLE INITIALLY DEFERRED;


--
-- Name: hairbnb_tblrendezvous hairbnb_tblrendezvou_salon_id_8a56d680_fk_hairbnb_t; Type: FK CONSTRAINT; Schema: public; Owner: postgres
--

ALTER TABLE ONLY public.hairbnb_tblrendezvous
    ADD CONSTRAINT hairbnb_tblrendezvou_salon_id_8a56d680_fk_hairbnb_t FOREIGN KEY (salon_id) REFERENCES public.hairbnb_tblsalon("idTblSalon") DEFERRABLE INITIALLY DEFERRED;


--
-- Name: hairbnb_tblrendezvousservice hairbnb_tblrendezvou_service_id_777801bb_fk_hairbnb_t; Type: FK CONSTRAINT; Schema: public; Owner: postgres
--

ALTER TABLE ONLY public.hairbnb_tblrendezvousservice
    ADD CONSTRAINT hairbnb_tblrendezvou_service_id_777801bb_fk_hairbnb_t FOREIGN KEY (service_id) REFERENCES public.hairbnb_tblservice("idTblService") DEFERRABLE INITIALLY DEFERRED;


--
-- Name: hairbnb_tblrue hairbnb_tblrue_localite_id_6f3f6fdd_fk_hairbnb_t; Type: FK CONSTRAINT; Schema: public; Owner: postgres
--

ALTER TABLE ONLY public.hairbnb_tblrue
    ADD CONSTRAINT hairbnb_tblrue_localite_id_6f3f6fdd_fk_hairbnb_t FOREIGN KEY (localite_id) REFERENCES public.hairbnb_tbllocalite("idTblLocalite") DEFERRABLE INITIALLY DEFERRED;


--
-- Name: hairbnb_tblsalon hairbnb_tblsalon_coiffeuse_id_65d9de6c_fk_hairbnb_t; Type: FK CONSTRAINT; Schema: public; Owner: postgres
--

ALTER TABLE ONLY public.hairbnb_tblsalon
    ADD CONSTRAINT hairbnb_tblsalon_coiffeuse_id_65d9de6c_fk_hairbnb_t FOREIGN KEY (coiffeuse_id) REFERENCES public.hairbnb_tblcoiffeuse(id) DEFERRABLE INITIALLY DEFERRED;


--
-- Name: hairbnb_tblsalonservice hairbnb_tblsalonserv_salon_id_e372c7c7_fk_hairbnb_t; Type: FK CONSTRAINT; Schema: public; Owner: postgres
--

ALTER TABLE ONLY public.hairbnb_tblsalonservice
    ADD CONSTRAINT hairbnb_tblsalonserv_salon_id_e372c7c7_fk_hairbnb_t FOREIGN KEY (salon_id) REFERENCES public.hairbnb_tblsalon("idTblSalon") DEFERRABLE INITIALLY DEFERRED;


--
-- Name: hairbnb_tblsalonservice hairbnb_tblsalonserv_service_id_1c936e4d_fk_hairbnb_t; Type: FK CONSTRAINT; Schema: public; Owner: postgres
--

ALTER TABLE ONLY public.hairbnb_tblsalonservice
    ADD CONSTRAINT hairbnb_tblsalonserv_service_id_1c936e4d_fk_hairbnb_t FOREIGN KEY (service_id) REFERENCES public.hairbnb_tblservice("idTblService") DEFERRABLE INITIALLY DEFERRED;


--
-- Name: hairbnb_tblserviceprix hairbnb_tblservicepr_prix_id_ab2ec8f1_fk_hairbnb_t; Type: FK CONSTRAINT; Schema: public; Owner: postgres
--

ALTER TABLE ONLY public.hairbnb_tblserviceprix
    ADD CONSTRAINT hairbnb_tblservicepr_prix_id_ab2ec8f1_fk_hairbnb_t FOREIGN KEY (prix_id) REFERENCES public.hairbnb_tblprix("idTblPrix") DEFERRABLE INITIALLY DEFERRED;


--
-- Name: hairbnb_tblserviceprix hairbnb_tblservicepr_service_id_8653ffac_fk_hairbnb_t; Type: FK CONSTRAINT; Schema: public; Owner: postgres
--

ALTER TABLE ONLY public.hairbnb_tblserviceprix
    ADD CONSTRAINT hairbnb_tblservicepr_service_id_8653ffac_fk_hairbnb_t FOREIGN KEY (service_id) REFERENCES public.hairbnb_tblservice("idTblService") DEFERRABLE INITIALLY DEFERRED;


--
-- Name: hairbnb_tblservicetemps hairbnb_tblservicete_service_id_47fef60e_fk_hairbnb_t; Type: FK CONSTRAINT; Schema: public; Owner: postgres
--

ALTER TABLE ONLY public.hairbnb_tblservicetemps
    ADD CONSTRAINT hairbnb_tblservicete_service_id_47fef60e_fk_hairbnb_t FOREIGN KEY (service_id) REFERENCES public.hairbnb_tblservice("idTblService") DEFERRABLE INITIALLY DEFERRED;


--
-- Name: hairbnb_tblservicetemps hairbnb_tblservicete_temps_id_05dbc62a_fk_hairbnb_t; Type: FK CONSTRAINT; Schema: public; Owner: postgres
--

ALTER TABLE ONLY public.hairbnb_tblservicetemps
    ADD CONSTRAINT hairbnb_tblservicete_temps_id_05dbc62a_fk_hairbnb_t FOREIGN KEY (temps_id) REFERENCES public.hairbnb_tbltemps("idTblTemps") DEFERRABLE INITIALLY DEFERRED;


--
-- Name: hairbnb_tbluser hairbnb_tbluser_adresse_id_dd2e4885_fk_hairbnb_t; Type: FK CONSTRAINT; Schema: public; Owner: postgres
--

ALTER TABLE ONLY public.hairbnb_tbluser
    ADD CONSTRAINT hairbnb_tbluser_adresse_id_dd2e4885_fk_hairbnb_t FOREIGN KEY (adresse_id) REFERENCES public.hairbnb_tbladresse("idTblAdresse") DEFERRABLE INITIALLY DEFERRED;


--
-- Name: SCHEMA public; Type: ACL; Schema: -; Owner: postgres
--

REVOKE USAGE ON SCHEMA public FROM PUBLIC;


--
-- PostgreSQL database dump complete
--

